1561268905800175617
1561265769324744705
1561249625318690816
1561249434872098816
1561199763248545793
1561157900973641729
1561140881528430592
1561130577620881409
1561096705395015680
1561096621555073025
1560973583941189632
1560949199465844741
1560827244544532480
1560798981374246912
1560768460917215233
1560763724012691457
1560730913708859396
1560718845727367170
1560707006100606978
1560702487375425536
1560695167711068163
1560683161796972544
1560671281762156545
1560659446413475840
1560647610381516806
1560558135030730753
1560536659854508032
1560462955006738432
1560420749688459266
1560417541587054593
1560401240990916609
1560276810264285187
1560273148226174982
1560261315410554881
1560249497703387137
1560237446138396672
1560225578879533058
1560224134764052480
1560215555172614145
1560213755929284609
1560201684806254593
1560190007826063360
1560162453912428544
1560144462373736449
1560125257964732417
1560120263999496192
1560105687392620544
1560102078173057025
1560084062865264640
1560059629823881216
1560057477479399424
1560054636274298880
1559977526524788736
1559911803744043017
1559851270089117696
1559816997000839169
1559812632370360320
1559771512814837760
1559750472395010048
1559691370050330624
1559679491538042880
1559677508228104192
1559676471475568650
1559667397132435461
1559655856937259008
1559655584303046658
1559536814427455488
1559510285349752832
1559458064193187840
1559445425198731264
1559437757139030016
1559415227195674625
1559413303108980736
1559378600826228736
1559377464492601350
1559346039995346946
1559298388616548352
1559281358945525765
1559269276661518336
1559257456437510144
1559233568064290826
1559221730522157058
1559209926865653761
1559208877178212352
1559198099842760706
1559153498054602752
1559046211466072065
1559004567207297024
1558967848902729728
1558951687158743040
1558853081739235329
1558842707220602881
1558832418173370370
1558822069525254144
1558811770621419520
1558801471033966592
1558791103272423427
1558780809879982083
1558770726479560710
1558763154423058434
1558691504800952325
1558688607980122112
1558569338055307264
1558550405767782400
1558416821287456768
1558406447997718528
1558392508065153025
1558243807413817344
1558241792314773504
1558229956190142466
1558217877152567296
1558206054596476928
1558179793878876161
1558062380294492160
1557974906414854144
1557967669097205760
1557913556724711424
1557889790053208064
1557870127076745216
1557831837170401281
1557819761748320257
1557807912675905538
1557796136856985600
1557784026605391874
1557772166858416134
1557760324438315008
1557748526548918275
1557743277096325121
1557566895825383425
1557509792838864896
1557326669748539392
1557316238820655104
1557314186874863618
1557147286635180032
1557138597932703744
1557133689405861888
1557126074164658176
1557091478408953857
1557029821716131843
1557011817029074944
1556921276677394432
1556874070863400960
1556501361797496832
1556452711511752704
1556446241239842817
1556153790881214464
1556043206248185856
1555908394967515137
1555783817692352512
1555752652373299200
1555712748083851264
1555699887769272320
1555499570716889088
1555482302293344256
1555382925927251968
1555301659580178432
1555260099446571008
1555151860633260032
1555133059850469376
1555023923057545216
1554747737698344961
1554584351878565888
1554582196941254656
1554426244066082816
1554344743785709574
1554204398423011328
1554165512820498434
1554161072877187072
1554053342405750784
1554015050612224002
1553945844252086273
1553848986532204544
1553710753576005633
1553654180698812417
1553480015614197761
1553117142333399040
1553006954603507712
1552455324891840513
1552453624349204480
1552408533467287552
1552405663443451904
1552402711135809536
1552361270955118592
1552356633715810305
1552349332523065345
1552267779038154752
1552165151566364672
1552150791779192833
1552071569392152576
1552062779632545792
1552025069630750722
1552020238807740416
1551916956273545217
1551430980266860544
1551378240278650880
1551374511198457856
1551373266429702144
1551373033058627584
1551369492961169410
1551368467177021440
1551363064699965440
1551357172671516672
1551182982962360320
1551129641984749568
1551120280059518976
1550980485215428608
1550978171280965632
1550797125704814593
1550786275506102272
1550756158536724480
1550739041926217728
1550709209733353472
1550639148683657216
1550633763561844737
1550606984407580672
1550583563112038400
1550573787237974016
1550529384737517568
1550403556179468288
1550344987657011200
1550293208042999808
1550208434909622273
1550181138651820032
1550176834427682816
1550092832538386433
1549862423242641408
1549857915938689024
1549830444329627648
1549826503587729408
1549825675820814336
1549825048789209088
1549820252711620608
1549744359113105408
1549640132419940352
1549612603038908416
1549508874365202432
1549298927404326917
1549215720923627520
1549214558635835392
1549153284161941504
1548994838334320641
1548949437795299328
1548841731155787778
1548483291925229570
1548160075855933440
1548079064098881538
1547860219669409799
1547859174444666880
1547788584950050816
1547293431156076546
1547134903233675264
1547013531534786560
1546967248203829248
1546946196568436736
1546821408210071552
1546782041676840960
1546640945231593472
1546583129200394240
1546362453835280384
1546290099650183169
1546283700811210752
1546268207744712704
1546250214633533440
1546031978461335553
1545765149503782912
1545648462611369984
1545619214605914113
1545323519801958400
1545258144867106818
1545256578466492419
1545137255681245184
1544993559891152896
1544757920696795136
1544577580468260864
1544455206326644737
1544410333909221376
1544192955111854081
1543908415806001153
1543791318031560705
1543787435293036544
1543564624762933248
1543118577976619008
1543016512759296000
1542902428177436672
1542810062996922373
1542420636903276544
1542420125588267008
1542352852445966336
1542336197464592385
1542322891127390209
1542228234913271808
1542225393184256000
1541995976306860035
1541982416063156224
1541960051019370496
1541953150013558784
1541873053927624704
1541672454635917313
1541551557199937536
1541415293368807425
1541170928700141568
1540785684109496320
1540543769313177600
1540534831603646464
1540457045421215745
1540262378683928576
1540259561416060928
1540199637319286784
1540101630070181888
1540095341231341569
1540050771278204928
1539923056902418432
1539902478535520256
1539757368783048704
1539753557934878720
1539574467793661953
1539514505407119360
1539510739249278977
1539505467441168384
1539504923708395520
1539361827913895937
1539298846391795713
1539082132462911489
1539023134032285696
1538483441611976705
1538328963050745857
1538088735795032065
1538002824835272705
1537950165016817664
1537521090981146625
1537356880494104576
1537170691253907456
1537145692954632194
1537144875145015297
1537144358033428480
1537056578943463424
1536800432299085824
1536129577386639360
1535542236594819073
1535414092261134337
1535089138655195136
1534990976963706880
1534521497901203456
1534330646868684800
1534327990708219905
1534325748580102144
1534305846339207168
1534126406195478528
1533563413812903936
1532948193272819712
1532934486786441217
1532911689582411776
1532666593326600192
1532206972505923584
1532042187256795137
1531883625587048450
1531770783194058752
1531048305782059008
1531034998123376640
1531021607652950016
1529914564510306305
1529794714706509825
1529790564962811904
1529590832344760320
1529389828839702530
1529239792398938112
1529226609932509184
1529190378397523968
1529189186708066304
1529008466714574848
1528295148748124161
1528214384878977024
1527490890373398528
1527025004642471936
1526820822224187394
1526679200828391425
1526673325971611649
1526652748636516352
1526517342834163713
1526453195824054272
1526170409099755526
1525691866712133633
1524988225001234432
1524587955272097794
1524155883932241920
1524116469134823425
1523932509678882816
1523822335962533888
1523751635054645248
1523249387652018176
1522446422225788929
1522404711584133121
1522117862042877952
1521925896214568963
1521775888521887745
1521569140967755776
1521352385947652096
1521347628700942337
1521251984053248000
1521014378564366336
1520974569388994560
1520969401897431040
1520895129829396481
1520573163993956352
1520256644172894208
1520251769296920576
1519537444328194048
1519273769030004737
1519239300139065345
1519080071893446656
1519039879543652353
1518728626098696192
1518701859405721600
1518570735257927681
1517282981953433600
1517267600841003009
1517110997915693056
1517037223354728448
1516922418446880769
1516904753472864256
1516880715451072512
1516853623539761152
1516719428368760834
1516711741115494401
1516687613864050691
1516652211312504833
1516599192751378435
1516311288087183361
1515834130260389890
1514687106765180928
1514549357353353222
1514150828692619264
1514099217484369920
1514029114487095297
1514026977665388546
1514004803978166272
1513985799985188864
1513855560638091264
1513686376465969152
1513032343006879749
1512962722329411584
1512921398406422528
1512776291589976072
1511664789852164097
1511599307669258245
1511475153053843457
1511447123279380481
1511159634501189634
1511154455643037697
1510967075401265159
1510909793292238851
1508032978621923328
1507454498758807552
1506705487810949120
1506580531697586179
1506567986098114562
1506551293799985152
1506496290448113666
1506009058104725504
1503343829323198467
1503330801643319296
1497091509161652225
1495960793409802243
1494750956029980681
1494551694654390275
1492024252056412171
1486893653775699971
1484026724992040961
1481468154165485573
1481467282257756160
1481466507523772418
1478208340220022787
1478174956756209665
1474399306677293057
1472085210745511936
1472011949705629697
1471256706290122754
1470960818451726336
1468789200430321666
1466344947175464961
1465893810009899010
1465249999520874499
1463061792649662465
1457539063129411584
1456948510465478658
1455240677235777536
1452824232895807488
1452549526246416387
1450736338123345925
1449650311744811014
1449614419357364229
1449357935230939141
1448832701813772289
1448804704109084677
1448594472481136645
1447695347573149699
1446701485572636680
1445719799141523462
1443050960801075204
1441666994667868162
1440832587556028418
1440605899433807881
1439100395788242948
1439097977688113153
1438091253321650181
1432897941644120066
1431155581843169284
1430108755597930522
1429984294194225156
1428643170242367488
1427178867429679105
1425648129152479235
1423534304890478602
1423160783370821632
1420169133455515649
1418435848631164929
1417072269730320384
1415935267018403844
1414025554131525635
1413210374506229764
1412565491672047630
1410776790965145601
1409804723616636935
1408653998459084800
1408652879251001345
1408317392506159106
1406812431624540161
1406802121928843270
1406060045113176066
1406051112269107205
1405435620693098497
1405324663559843840
1404916191160721409
1404730161510027275
1404728809887240194
1404323113131708416
1403609785359126531
1403267607176912900
1402495495990296576
1402072744569847818
1401020742985306115
1400985700447789056
1400971523767345153
1400716050539372550
1399996240478322689
1399994209185173504
1399931393791217666
1399294021663543298
1398828911379705857
1398462045830488067
1398460456017088515
1398456347100917763
1398439412661424130
1397827256559542273
1397400525050630146
1396193819071291397
1395709936303177731
1394209936687702017
1394086404540485633
1393424279161606145
1393107858519113738
1393053237058719747
1392416235028193281
1392339742549757954
1391571030724911106
1390432565136289794
1389884830599372802
1389835838595506180
1388748693432508418
1387890212097859586
1386631984395341826
1385512757848469506
1385496361357828097
1385483451864846338
1384240324764004360
1384072392914341890
1382099423967076356
1381455917716135936
1378292667797307395
1377855704199929860
1377854666629779461
1377766023978360835
1377573814637195267
1376721441731739654
1375734469785645059
1375602437386473476
1375198993446146048
1374664227072344065
1372751035849052168
1372641460118462464
1372472541822951425
1371569379238846464
1371361549114175488
1371304844271648773
1369927656414715906
1368825671430983680
1367689716464721920
1367446730510274560
1367319875182489600
1365790195300274177
1365228542900850692
1364872986696671238
1364139985440399360
1364139088287125505
1362685310153363456
1362638577121726464
1362349990392303616
1362193128367611906
1361123509217370114
1360768936799703040
1360713492735561729
1360354043151798272
1359699044122169345
1357623374894170113
1356834611523944450
1356553714488627201
1356550972286267394
1356397027828101121
1354950284959596559
1354277678803791872
1353640243639926785
1352356174998478850
1352121023311695873
1352091533734891520
1350963641596735491
1349182568990613504
1348845481892270081
1348458346626514947
1347722329393008645
1346704830639685633
1346030496640163840
1346022122980708352
1346000691362295808
1345956352166772736
1344530175069806593
1341273528218226689
1340904505072787456
1338743454243799043
1338426829829414912
1338315191990145027
1337661584206860289
1336453053377966085
1335892733467082752
1334722512995774465
1334239150162100225
1334008067739049985
1333950834976157697
1333671599606693888
1332151566497771521
1331460141628104705
1329584724868689921
1328173700118573058
1327771473507872768
1327441428641812480
1327030818686976002
1326307116039073793
1326115108028772352
1325981636823953408
1325702431896788992
1325188107562414081
1323877243995652096
1323579690183925761
1323481619643072512
1323044572855902208
1322802319826644993
1322525277528842242
1322418716227723265
1321973089656164352
1321378810378489856
1321031685224321025
1319074255368187905
1318776841247682560
1318427565082636288
1318340187210985472
1318302736769667073
1318038716896731142
1318037215394500613
1317649131821625344
1316991463767515136
1316523839539486720
1315127847791386625
1315041348618121216
1314812689101721601
1314778658112860161
1313424925454032896
1312541751052099584
1311251972834516994
1311132313913262083
1310839781341921280
1310359832923238400
1310114394303414272
1309772119169884160
1309334444470398977
1308624996483252224
1307872805459865600
1306369504998502400
1305696993759563777
1303875444182315009
1301061351251603456
1300659400047116289
1299627644162469888
1298779656963919872
1298457445891805185
1294520517983113217
1294416303516778500
1293673336250097664
1292277823860695041
1290100749330821122
1289378094373990400
1289050865341362176
1289025509196804101
1289010695724363776
1288680436672077824
1287723374156713986
1286829235957571586
1286459695067267077
1286095705342226432
1285921721749352448
1285759221334544384
1285525541135593472
1284988731632480257
1284390257958326272
1284131689527013376
1283950697759649793
1283879579711569921
1283543972141428736
1283232636777816069
1281033491266727936
1280626575713505280
1278135995389685760
1278054914183311361
1276668058694639617
1276418297093914624
1276007714905296897
1275977840530317313
1274209451113885696
1274171207890489350
1274162235804393472
1274158806067564545
1273861298699284480
1273715427655417856
1272745397295828992
1271300946044190722
1270874810801946624
1270453315202138123
1269772707199102977
1269771766475427840
1269757642894966791
1268090887860617217
1267920676297388033
1266585846389649409
1266261121020817408
1265553245826625538
1264822358553931780
1264092502748876805
1264046675569438721
1263772852089585664
1262549996152504320
1261459111377424384
1261148806550175744
1261047796293152774
1260864920033337344
1260803538411597825
1260092254070476805
1259668253846224896
1258943380471472128
1258581712881291265
1258118566647197696
1256847969208242177
1256437950080057344
1256370246178476034
1256364336420990981
1256150103850496000
1256148067369340928
1256113891144171521
1255295678105952256
1255008146185089024
1254691725341126656
1254298675695611905
1253649951676137472
1252729081365360641
1250934048005988353
1250880072447377409
1250637115576037376
1249887756656021504
1249241018953850880
1248385028293193728
1248155225514373125
1247770320888410112
1247384244738904065
1246887446945693696
1246716302221344768
1245971463594815488
1245922184544964609
1245466944653778944
1245187244115320832
1244913118284779520
1244358154609025024
1243065503888953345
1242720090858143744
1242399097757126657
1242265314110459904
1242254847732117505
1241546715926335489
1241312698949918722
1240863205058019329
1240807683067805696
1240511739789062144
1240484124273471493
1240367165003436037
1239688042987864065
1238725485309431814
1238312589450342402
1238276241599254528
1237833125067022336
1237280425749311488
1236056985713471496
1234665712565641217
1234564198157504518
1234245775384727554
1233994798425501696
1233913814434729986
1233313797185536000
1232758237864374273
1232032345638809605
1231847486966333446
1231358945970679808
1231033463723167745
1231030974340849664
1231029886594187265
1230771905923186688
1230581663710625793
1230219349975236609
1229855183154417666
1229489771447246850
1228929413552709632
1228564215180529665
1228552439688765442
1228502267894083584
1228500876958093313
1228495725635473414
1228453612776349696
1228238973249576966
1227676260215615489
1227050057628676096
1225545689683365891
1225253815655522304
1225242198876266497
1224882304864022528
1223363245639131142
1223065932244963328
1222684182146498561
1222665599706251264
1222308551080759296
1222127760899895297
1221915133888344065
1221701573832658944
1220858741714771969
1219820138473459714
1219703295641436161
1219200912360603648
1219060138201378817
1218393667800616961
1217993610559275008
1217614279492268032
1217356848749133824
1216804178569449474
1216295382944120832
1215784663752441857
1215489559619829760
1215233489768861696
1215170586059497472
1214790418010902529
1214789637245460480
1212821620374401024
1208658822241431552
1208490857428639744
1208167405538562048
1207018134713978885
1206770608970842113
1206722226684215296
1206443680569208833
1205210754607144960
1204876125224067072
1204574517839810562
1204352621030457345
1203134704972513280
1202883899828965377
1202882759590436864
1202157005030318081
1202052612159410176
1200147433222819841
1199947436963221504
1199485604230303744
1199181177082523650
1198888533869490176
1198184355807420421
1197972379860815872
1197972178941009920
1197721271477260288
1197667172366966784
1197051484908728320
1196978326985830400
1196600457252098053
1196204386952732672
1195987093945761792
1195858202669305856
1195847545689399296
1195836946075045888
1195835131228897280
1195802257016721408
1195529348192669696
1195319884458143744
1195299728667430912
1194246349551734784
1193346545418027008
1193330194028740610
1193040345321353217
1192983271279353857
1192552370489581568
1192288694826344448
1192220542058848256
1191934323349434369
1191321013012717568
1191253115690831872
1190836133372071936
1190594983264428034
1190219384511455232
1190118174085152769
1190098285450543104
1189806496688664577
1189707435797147648
1189496091965833216
1189135287298904067
1189104183091159041
1188935769743740928
1188364999682453504
1188363386628665344
1188336996873318400
1188243935103086592
1188039468395253761
1187976481386967040
1187945818474467328
1187842425097580545
1187522416332832768
1187464832984813568
1187456658143727618
1187257520772878338
1187240961178587141
1187182613057789954
1186932863666507776
1186916882151960576
1186911105056030720
1186855987745099777
1186599913628434432
1186584050418405379
1186582027895656449
1186581093295591424
1186575125614866434
1186285313733193728
1186081072595046400
1186037840171294720
1185415744252723200
1185408836351324161
1185407521500155905
1185393024093679621
1184794146873204736
1184601397896957952
1184293248342167553
1184256896464588800
1183686448517537792
1183529599176544256
1182890633977126912
1182889043668828160
1182830471941644288
1182456186538344448
1181889258304528384
1180360457539985409
1180349091810828289
1180214344333676544
1179860681710960640
1179675164214099968
1179584625628200961
1179330167744933891
1179288011797909504
1178976734617620481
1178905370405699585
1178869892944023553
1178837155289808898
1177702513903947776
1177152696836444161
1176766087758696449
1176367169442967553
1175707364005220352
1175232460839432192
1175231008435781633
1175230560819503104
1175229526848233472
1175228040877608960
1175209642286301189
1175208567684644865
1174934744108163073
1174278373478023168
1173873411409375233
1173141663969095686
1172702364215779329
1172700958599634945
1172699833959931904
1172609377435607040
1172319194299240449
1172101488056963072
1172016434517553152
1171740918564741121
1171699006159958016
1171265549671682048
1171249551619047425
1171241464543756291
1171082015707262978
1170877499082969088
1169794059231121408
1169759120368504832
1169365193261899776
1168380885911031808
1167650938762551296
1166999903714725888
1166832002437304320
1166824436630093824
1166658241419309056
1166618629594591233
1166614235071361024
1165453538299760640
1165378443997044737
1165170565424041986
1164672613697953792
1163380205576052736
1163297150161367040
1162456033870008320
1161845102353928192
1161576645599170560
1161073421473603584
1159399408095703041
1157593452676128768
1157499507971543044
1157498854209495041
1156655897042546688
1156094800942137346
1154967282432368642
1154308103866855424
1153457035532357632
1153085279009304576
1152379742370373632
1151577880725479425
1151055890251964416
1151038616841445376
1150934616364081152
1150606978823028736
1149850858147868675
1149594790071111680
1149521790424666113
1149272540357025794
1148494029501403136
1148480282703683592
1148140152809807872
1148125303362990080
1147755265531375616
1147004670449082371
1146561293958053888
1145947550471446528
1145932875725975553
1145458215368314880
1145444890546802688
1144906996275130368
1144791644652224512
1144540295150784512
1144164419657785344
1144116479966830592
1143806960355164160
1143461372539236357
1143296234209234944
1142306833073364992
1142174265015447553
1141924219162284032
1141549447454834690
1141113281651892224
1140891363661058053
1140465970798088192
1140074272376811522
1139758628095717378
1139436564067639296
1139015894238093317
1139014082005217280
1138362425227563008
1138284589904871424
1137940497920667648
1137873909133533185
1137625110767054848
1137197278450659328
1137193797849423872
1137172730933964800
1137172150694174720
1137169248453898245
1136936204941897728
1136882536548884480
1136816557185798144
1136499064999174144
1136467273810468865
1135873796810743808
1135844115759767552
1135801881773481984
1135770924047724544
1135385432542367745
1135078827015716865
1134648515345305600
1134197358852497409
1134196780193767424
1134061069058629632
1133482234655182848
1132990600951881729
1132907242221711360
1132434048586928130
1131401001389285376
1130759565274804224
1130721675496943616
1129967491269054464
1128908176752021505
1128898195722067969
1128810043288227841
1128809739322888192
1128459443102994433
1128414741981028352
1128206171045756928
1128199867841503232
1128198786361196544
1128195691447246848
1127757005706354688
1127418970028617728
1126298964624584705
1126009953083428864
1125976286315405312
1125975649338793985
1125944405771333633
1125619749755293696
1125555248959877120
1125498951833198599
1125176376628338688
1124490246056497152
1124146119196282880
1123775651708796928
1123735760291684354
1123329665861505024
1123175562808254464
1123173797723541504
1123109324878962688
1123088635644059649
1121943227219763200
1121705748059213824
1120913345849298945
1120571233748152320
1119330540220370945
1119122986382921730
1118372489585991686
1118031825753001984
1117952617831747584
1117948544776671232
1116980840670666752
1116980254323740672
1116858361146830848
1116237006647058432
1115896911368736770
1115838548966551553
1115834603183407105
1115494219265736704
1115457021569118208
1115092984020619266
1115053229178523650
1114720814945972224
1114424662761435136
1114368228262694912
1113998189231788033
1113997557754101761
1113973880023080960
1113973557619564544
1113211740026658816
1112939826075131904
1112493423121051653
1112168814853021696
1111847254204256257
1111152364558401536
1111137660897292289
1111088222774460417
1110735779846934529
1110502702520430592
1110431904841363456
1110158049900142592
1110147011540647936
1109296251185569793
1109278696471478272
1108991356381196288
1108915895580000257
1108182997906284545
1107548251954176000
1107512285176619008
1106692602491883521
1106084374850592768
1106068219310149632
1106022454772666368
1106012727200210945
1106004002041290752
1105976218967371776
1105942650543194117
1105671040271896576
1105269245758394369
1105013890990006275
1104893004165402633
1104213114910732288
1104192215289491456
1104145851201384448
1103859342388805633
1103592169187799040
1103590124997107712
1103524694119067649
1103505220321964032
1103434917088702464
1103130804593410049
1103101185416781824
1103099421699452928
1102850128963084288
1102848212367491074
1102735097189490688
1102476714150510592
1102379088549896193
1101607453416775681
1101483979482456065
1101263239864672257
1101222543585873920
1101123118276509696
1101047122651242496
1100878800370331649
1100850270714486784
1100848046596714496
1100719672226271233
1100644179007352832
1099843953216503808
1099828661631344640
1099624820252332033
1098846656445874176
1098766421981421568
1098124061912121344
1097743369424388096
1097359534668926977
1096574646252638211
1096571267963019264
1095786809185849345
1095572068417003521
1095184174074347526
1094906607744442368
1094193665352912896
1094189516535951366
1093618152645177344
1093377064529362945
1093353999275778048
1093011739879268353
1092994519971184640
1092984640044822528
1092661468091183104
1092633376610086913
1092542338465820672
1092501038202904576
1092295705698267141
1092292744314183680
1091626048272232448
1091554147478978561
1091519214723178496
1091142682909368321
1090833737892401152
1090350755112861696
1090041657721057280
1089037660981727232
1089021071385341952
1088971665772408832
1088921744633675778
1088917621704192001
1088294371043078144
1087841882414170114
1087618020468436992
1087576244839796736
1087233664750997504
1085705953398317057
1085634938303598598
1085460030470656001
1085425010183827456
1085279159159480320
1085041618628022272
1085038204451991552
1085037837525962752
1084975883713011712
1084950960600805377
1084781021516582913
1084777163512049664
1084675255707168768
1084668975059849216
1084566244567572480
1084398161861304326
1083928855398690816
1083881389970415616
1083488765849481217
1082430866759012353
1082366628363350019
1081388921832042496
1081002291661025282
1080901395425816576
1080308316029505536
1080181769544978432
1561268404446670849
1561246724940636160
1561217279693426690
1561180634961571840
1561179484153585665
1561179100332847106
1561156378500030464
1561125949319417856
1561125935033847809
1561118433160622080
1560972097798946816
1560922320729956354
1560906611924684800
1560862297718804480
1560854388654018561
1560829485339054080
1560793744495894530
1560762783108476929
1560749177662869504
1560721465124593665
1560681889778008064
1560597481607507968
1560582768119394304
1560582452338360320
1560567824598310913
1560567274100011011
1560552156046172160
1560545557688377345
1560545042531766272
1560539868513505280
1560538126623182850
1560537182879744000
1560536832118591489
1560536796043169793
1560536791043784706
1560529246422024197
1560523618362490881
1560523355547115520
1560510887881977859
1560507854896914435
1560504213314146304
1560497531335090176
1560484217200451584
1560476313265156097
1560473629812436992
1560471345355448321
1560451971081203712
1560446464823857152
1560430451340230656
1560423164622303232
1560417619571884033
1560408395751968769
1560404088914714624
1560401265871429633
1560400002199207936
1560393661346885632
1560386431104729089
1560378506109784065
1560363405386518528
1560355868243161089
1560355868239339520
1560265272954482690
1560249639177273347
1560247648757911553
1560243678102589445
1560220043828514816
1560217581101121536
1560205402767245312
1560202887568838656
1560199990622171136
1560194404136423424
1560184685980164096
1560174683714207744
1560174405765963776
1560170963131826176
1560170672818733056
1560165232969932803
1560153673245855744
1560144431835119619
1560129971036848132
1560129647714930688
1560129599929028608
1560123968966709248
1560105728882393092
1560089983318315008
1560088809802727424
1560084291094302720
1560084136240750592
1560084084340260864
1560083482092912640
1560060262396280832
1560054342404694021
1560046419847057408
1560041808369012739
1560039730053386240
1560039067999522816
1560038768027078657
1560037579788996608
1560035708433494016
1560017376950624256
1560006303526711296
1559907154584535040
1559860311099904008
1559843983165374464
1559837689750306816
1559827309695320065
1559816392949600257
1559816298296516608
1559812315356299264
1559779302194937857
1559770611576078336
1559761189533515777
1559758208486367233
1559757499271499776
1559757290785619968
1559756039486025731
1559755721604046849
1559741141158731777
1559732712474288129
1559729506377760770
1559724842072436736
1559724223429431296
1559721775218450432
1559717404493565953
1559715224751509506
1559714673875771392
1559710614439739393
1559705321261580289
1559704251949268993
1559692153642954752
1559683419306479616
1559680195417632768
1559676455109419008
1559673054779047936
1559668846369316866
1559661597659889664
1559660050985398272
1559638629126914048
1559551907026219008
1559528850026991617
1559502026345553922
1559483424339275776
1559465107859595266
1559449928581222401
1559434692629184512
1559431729126838273
1559419685728387074
1559419324674486273
1559418577350176773
1559416386480648196
1559404769575329793
1559403021255282689
1559398876070551553
1559394471099318272
1559391230374555648
1559389578729070597
1559388413563895808
1559386989589254147
1559369963630108673
1559369728610619393
1559359530139586565
1559359371096002560
1559359314699198470
1559354271002492933
1559354066765025280
1559349131428118530
1559348233435881472
1559344407614070784
1559344188700909568
1559344185026772992
1559336229606674433
1559335399646007298
1559332502447472640
1559324162438864896
1559319144964980736
1559316978140979200
1559315754968817664
1559314244277084160
1559314043080507393
1559309995086610432
1559307770876538880
1559283197447262208
1559154746048491520
1559151805208350722
1559087999459069952
1559087762514407424
1559066090973831169
1559057239255781377
1559056552157499392
1559053229396090880
1559049832932823042
1559049197944311808
1559046976448217088
1559043456109948928
1559037594872254465
1559027199205953538
1559023910385057792
1559016184926052352
1559014613902979072
1559014285438685184
1559009365079859200
1559008269934292994
1558997317268684802
1558993532744077313
1558990066642341889
1558979977344958465
1558972189017268225
1558971240521650176
1558968651671224320
1558964004516929537
1558957898201346048
1558957109899042816
1558952325296795649
1558951635702906886
1558949039894577152
1558937785272246274
1558928955280740353
1558925205812445184
1558924323452121088
1558915522825166849
1558906302847275008
1558894423668310024
1558861033871028224
1558815779239276545
1558786451482955776
1558770407674503169
1558753217198313472
1558741214240710656
1558738128445505536
1558736065477111808
1558724298688561154
1558692947373473792
1558658812092919808
1558626983407493127
1558619914994196480
1558619415733755905
1558566570699284481
1558512382544326658
1558498635771363328
1558453376798429186
1558362997931888640
1558294799282847747
1558288481108971522
1558278723669229568
1558259113015988225
1558204180153569280
1558200024567365633
1558160090209071105
1558068513549746176
1558031036969279489
1558021651882602498
1558019964686274562
1558013594159452160
1558011671305940992
1558010703185059841
1558009531053244416
1558007786797428736
1558001361413099520
1558000388984430594
1557996559450509312
1557992506918408195
1557987591085236225
1557973618021187584
1557970277459427330
1557970004745805824
1557963026816348160
1557961793724563457
1557958062656438272
1557957792106835973
1557954871877177345
1557949168727257089
1557946729311244288
1557944958824304641
1557943844674478080
1557942045960187904
1557940038192824320
1557932497438232576
1557930870451093507
1557920293477179393
1557917306122027008
1557913522327240704
1557907372378427392
1557904635251200001
1557891727197097985
1557886860143337473
1557882684642168833
1557879630622822400
1557876942963195905
1557872019710115840
1557870730792128514
1557864553010053121
1557863661317799941
1557860627926089728
1557830523342712832
1557826689580863488
1557819155499274241
1557819154207350787
1557134168802590720
1556604553478676481
1554379181558878208
1554325281636093952
1554242437681672192
1552598222333702144
1550595166771490816
1550383793852547072
1546597242467135488
1544657547600072704
1544177034683101184
1542792113515298817
1542790757756850176
1542105686347513857
1541228999061667840
1540823328658558976
1540821813697171463
1539101478098726912
1537900717599760385
1536846116788277248
1534720406044950528
1534105983428898817
1534033654972043264
1534033587246612481
1534031693647998976
1532619675242180608
1532276507367948288
1530865188412727298
1529311854560169985
1526526031750103040
1526143780185083905
1526009776622080000
1524350521381105664
1522786317511589890
1522785945824940032
1522599103196057600
1521600574730694656
1521346832747487232
1521143286068826112
1520686056525668352
1520177036350083073
1519433037133479939
1518562487381245952
1518556415639506945
1517389494567137280
1516668451971948556
1514163694480986114
1512410108378030082
1512227062349586432
1511250804787007494
1511200056854323202
1507159222660001795
1506020316195160064
1504553004246056972
1504415452767744001
1503150292543893510
1499131971070431232
1497713841643286531
1496672230251528192
1495614528440049675
1495594688937873410
1495549961593028610
1495370003415470085
1494836178821988354
1494645207861657600
1493891190760312836
1493288173144735746
1493126053283655683
1492774840024981508
1492730146587308036
1492357457489899523
1492045307747700736
1491664595274145793
1489738512459251714
1489498390538948610
1487634491908800517
1486937995232038914
1485789935546540036
1483359877968044033
1483326001799221253
1480501020631437315
1479007574364020740
1477766858245697537
1477102574218080257
1475768522294788096
1472312236739731459
1471806143995416585
1467730852335415296
1467027061181018113
1465279468419825667
1465261765583798278
1465250988768460801
1464401332064821249
1463989221048270873
1463401207356174340
1462843534986428431
1462556640616624131
1462539564095098889
1462538553934688259
1461810509175480332
1461555108555083778
1461263405247975424
1460862798418755587
1460498116470349824
1460220332996976645
1460094435673264129
1460019881315909635
1458932722131476482
1458404323654729731
1458207945120964613
1455362750863970304
1454960341176111104
1454481582186713096
1454478600921665539
1453916421574971397
1452228176067825670
1450782615988887555
1450655155595014149
1450076128509497353
1449553275817058307
1449381170496487425
1448138741776732160
1444445809987129349
1444147139060195332
1444109448633458688
1441592915197759491
1441273110867558406
1440473482316238849
1438233143484452864
1436304057367289860
1433638873012211737
1433537629002207232
1432177641814052866
1432160937520164864
1431908748138672129
1431442797689806849
1431165399777701889
1431100802144165896
1430757389322444807
1430401175476609025
1429315495916761093
1428166597227732996
1428128896558321664
1427464793477189633
1427460129268568066
1427393422063636511
1427238694239539203
1427224061344575493
1425344639419109384
1422770321938026509
1422136991248916481
1420888984838975491
1420216016215461895
1418182234297683974
1416301601652830213
1413083366132310021
1412282865140727812
1412162499898593314
1412159497997484032
1409356587815239685
1409308708874620934
1407863360012488713
1406499106344734729
1406263486020128769
1405599574325039104
1405394372888195074
1405111799821725697
1404568763672907777
1404564136915136512
1403557076593364994
1402241211998490630
1402125500710068225
1401949262661910529
1401114061102718980
1398864338174156800
1398447565004165123
1398011865276444673
1397698156826021890
1397426617475948548
1395969036459016194
1395461293197324289
1394924735046164483
1394403247083900935
1392935547698515968
1392195848499392512
1391894950145499136
1390813975533658114
1390214442068037634
1389724935489134592
1389557330295943168
1389513277928050688
1388126966348337153
1386883738143911940
1382925788584894471
1382502472795627521
1382172462654185473
1381728271759368192
1379731314274893826
1379217517504208899
1379173340166844416
1375764379979767811
1375201248522108930
1374463163077324800
1373401913648148481
1373066460004687872
1372978222049198082
1372424133879984128
1372407371482419202
1372349448630636546
1372291244798320640
1372038364485054464
1371741157445705730
1371434569598111747
1370947157881192450
1369913083959803906
1369832529335783424
1369202077096841220
1369041168852422657
1367218843014164480
1366954037837324290
1364796966648111104
1364476854426460161
1363936999434952708
1362574067908308997
1361819169042296833
1360840930282991617
1360504926384791555
1359220312177471488
1358766323350659073
1358536782397120512
1358165149220106242
1356360135048761345
1355815904106303488
1355433688364941314
1355132942423523332
1354681603436421121
1352814007145484288
1350908059292319745
1350675130641367045
1349852392930492416
1349820064778784768
1348177789552381955
1348161405804023808
1340680343519698944
1340551360844972032
1339623688006561792
1336116399140290560
1334890466806956032
1334801627467878400
1334568063690100736
1333290039539863552
1332522828005052416
1331913984891502592
1331757479009533952
1331364382241038337
1330049744035606531
1330041238914035719
1329190513036075008
1328702604755537920
1326770648518193154
1324878946278780931
1324429426700939264
1323526749204869121
1323493635124391937
1323477409279012865
1323475792156790785
1323471318096867335
1323453208958627840
1323149099735154688
1323149009217818624
1323069497088086016
1322807444154720256
1322559431922520066
1322307690736091138
1322016174457040897
1320949009415102464
1320941835154501633
1320934001671049216
1320822219010760704
1320598262483767296
1320054443132375041
1319936000739651586
1319935530767974401
1319821153972740098
1319056088499539968
1319036490807185412
1319018731062710272
1318869798164389889
1318795493086949378
1318411885721440257
1317830880572878848
1317792511268618241
1316283699193769985
1315828352964419584
1314434941917298688
1313422520087801856
1313321892699279360
1312756749720584193
1311587728891416577
1310162865781788672
1309412183965462528
1309084082123476994
1309028209867001856
1308674341819879424
1308166399362129920
1307154459173310464
1307154328717873152
1306022532391215104
1305806954787254272
1304654320911241217
1304326506391441409
1302910514121506816
1302130628817805312
1302061822347030528
1302058817975472130
1302041048831741953
1302040903343910913
1301001777450549249
1300665359624597504
1299645055213412352
1299504577193148421
1299126740573327361
1298145332044464129
1298110183969886208
1297741334816555010
1296959248237080576
1296635829910032384
1296212535977431041
1294587522085875712
1294483030086750210
1294482980061224960
1294471972135608320
1294470913363251201
1294432645804244993
1294169312350150657
1293124622246768641
1293056556251176960
1293040264681005056
1292596885325152256
1292055040912318464
1292043843572047873
1291528259427942400
1290923340773781505
1289494677666725888
1289423058759901184
1289422939142512641
1289105658948644865
1289105489209389056
1287854900525723648
1287532900657766401
1286159533392314368
1284331268453347329
1284290230737154048
1284290113699287040
1283711298526732288
1283710878295232515
1283195005931188224
1282845222326530049
1282539549017600000
1282097256544403456
1280371764090990592
1278827990953062402
1278500588485918725
1277167648900386818
1276112415487213570
1275267522087006208
1275124856565182465
1275123422226456576
1273244008005828610
1272742102133284869
1271995039820832769
1271717152492531713
1271382673097981953
1270968000489742337
1269857141512212487
1269244656438726656
1269242659090112512
1269214354966302720
1269065773202448387
1269065352761217024
1269040574788784128
1268784997646794757
1267685067741990913
1265903852844351488
1265432371802693632
1265082346014781440
1264352795899031552
1263991755860516866
1263978063236390913
1263951655101440006
1263838438446362624
1261115632818384896
1260475960098422789
1260135857492766721
1260135475333025792
1260135158428155904
1259354274959523841
1258682810644168705
1258435156295036928
1257845077067599874
1257798097003884544
1256541085649612800
1256139738836279296
1256006431402192896
1255669871536291843
1255118094575398912
1252773682126168067
1252516822022189057
1252471781073408003
1251500851899883520
1251035808502435840
1247381830652715009
1245653124297019394
1245641515189194754
1244355666082435072
1243049156823994368
1242965389090283520
1242701422967259136
1242661086840492033
1242360267402432517
1242080446814576643
1241705030807203840
1241080708166082561
1240744290034294784
1239863310499155971
1239848237734850560
1238699089983950848
1238356329628160001
1238061374430822400
1237858931998781442
1237605226967752706
1237523261228908544
1237084649572028418
1236871739012939777
1236176766684860416
1236176547293392896
1235751083802120192
1234751900282605569
1234700958254264321
1234685181488852992
1234683971159523328
1234683284019220480
1234682798708932609
1234643140667002880
1234642295233757186
1234626543759945728
1234626073788239873
1234625674985426944
1234625343647969280
1234620170917691392
1234618726869168128
1234617749063626754
1234616356575772672
1234616092036780032
1234594802743668736
1234580051720491008
1234408412424753152
1234408090209935361
1234361445002792961
1233500054419230720
1233218548752879616
1232541988127293441
1232495297000955905
1232483869883957248
1232240698159583233
1232103269452931074
1232099596085551104
1231412057158844417
1230957210898960385
1230793529728864257
1230734104976445440
1229836124786434048
1229609692940255232
1229461682449211392
1228820226638307330
1227761026398965760
1227429018867122177
1227110935040385024
1224879092400439296
1224878079358554112
1224652785335095296
1224609477652930560
1224537604856483840
1224050406680145920
1223048511580561408
1222051508943904768
1221972673363939329
1220825363552432129
1220543003003117568
1220460503354486785
1219900268952731648
1219510288791195648
1219291881382862849
1218789353322733568
1218408498574319616
1218392768025853958
1217781588143927296
1216589979939262465
1216314652403097602
1216280174783655937
1215915563609808896
1215878459660079105
1215468907164602368
1215229919782785024
1214768467452276736
1214763711836983297
1214135663869792257
1214123644600889344
1214123439268794368
1214054473955328000
1209421092873474050
1209200786783125504
1209200464018866177
1208443816258220033
1208118300934320128
1206768840153030657
1205905356301492226
1205904040753803264
1205380146019962880
1205378449109442560
1205364049367617536
1204938142710550529
1203222236145971200
1203222234573221890
1203222150221647873
1203219979195150336
1203219584133808128
1203155411450376192
1202114097774571521
1202113722434703361
1201744225970380801
1201705881118728192
1201432100286550017
1200563892994199552
1200563283016798209
1199858697008140288
1199498788542369792
1199464690415370240
1199464442146283522
1199408802958733312
1199258090593349632
1199253481816645632
1199242732557889536
1199124040700452864
1198727558075801601
1197782381127704576
1197593894474657793
1197593043437858817
1196986274072031235
1196602522573537283
1195578804082745344
1195532160926703618
1195460942143713281
1195239070793895937
1195192089228656641
1194923494754177026
1194923122597732352
1194795931272482816
1194582503954116608
1194571170324058122
1194570392347627522
1194552686915440641
1194457545668251648
1193313564733231106
1192552549657673728
1192379236507693056
1192378914762608640
1192321138812243969
1191806851278503936
1191621342925328384
1191592449098960897
1190525609119760384
1190496501220462594
1190454220048064513
1190454125416374272
1190416768956682240
1190416657136656390
1190408935699701760
1190408452872364032
1190405129838551040
1190386605376229376
1190386474891370498
1189708563725217792
1189476285132656641
1189080705365622784
1188272253382774784
1188199694796804098
1188008242078597120
1187858660543778816
1187858296129982464
1187857856759922688
1187857291422289920
1187856575450337280
1187856325184606208
1187855911445921792
1187655660529274881
1187607958823284737
1187541316634173440
1187477290441203719
1187248909149601792
1187241701405941760
1187141953038798854
1186928351539277824
1186928095430766592
1186826584088633344
1186824983403618305
1186591037185085445
1186017633025417216
1185440975734427649
1185074048121880580
1184694922793734145
1184645593207115776
1184645315493842945
1184412517889540096
1183846009350148096
1183653494810533889
1183141430098837504
1183117863869177858
1183112952892792835
1182997146200690689
1182936409587572736
1182583201564282881
1182545510499962880
1182452991779069952
1182383679559131141
1182382998995570690
1182379009348386818
1181892480473677824
1181891694972882944
1181466923164487681
1181433907553734657
1181029951115448321
1180359696533864448
1180359551431925760
1180330238737170432
1180297728716201984
1180077197807276034
1180075679615864833
1180074407168901121
1179947621252816896
1179862902137921537
1179717147955740672
1179715585699127296
1179643181681364992
1179561800628654080
1179179473142341632
1179150196850081793
1179120062638120960
1179119675466235904
1178938645438443520
1178897011682222083
1178894740068147200
1178891109272915968
1178843658524618752
1178812333734293504
1178491219011203072
1178240288050954241
1177764912417951745
1177764854309867521
1177715294627717120
1177519172118405120
1177375629966303232
1177116767350452225
1176985396967858177
1176687007029817344
1176407578261282818
1176350315232321536
1176350258693099520
1175908052928622592
1175553201443094528
1175260970492420096
1175258219003990016
1175161828407529472
1175160048151973888
1175133452598833152
1175044940243468288
1174832865516896256
1174496687844249600
1174463190362722310
1174457224023826435
1174226975378026496
1174226843798507522
1174186374783819776
1173905273112748032
1173435739427598336
1173430647437680642
1172849027395796992
1172848948027035648
1172847850616774657
1172736876899446785
1172654639818448896
1172653994029641728
1172628826091712512
1172002913050333184
1172002182616498176
1171996919842914304
1171671865259175936
1171313585944850432
1170979532482011136
1170898754041516032
1170119679492460545
1169912451560693760
1169912041563312128
1169798267003125762
1169798022290706432
1169518121255759873
1169504949979549697
1169443261875990529
1169442761390600192
1169072208616054786
1168809388506828800
1168796215141531648
1168744796627685376
1168699045000302593
1168633430759727104
1168596249957679104
1168487046639304706
1167690306097242112
1167689264127070208
1167663514477113346
1167663045545463809
1167655846764900353
1167654453731680258
1167027370185953282
1166584400701792267
1166257738675978241
1166239972766019584
1165886911879106560
1165883415243055104
1165528691880992768
1165169387365515265
1165104457530527745
1164436987455188992
1164168244661555200
1164128291860598784
1164052719797252096
1163709068768243712
1163628760689594368
1163333512415498240
1163007952783126528
1162863297210699776
1162595356124819456
1162299917412401154
1162288670247968769
1162287925561720832
1161992150432669696
1161865848430026753
1161802070401282048
1161797922805227520
1161363672826044418
1161136400449675265
1160995933032570880
1160819047077781505
1160785932670291971
1160057306199003136
1160042578491744256
1160019461388361733
1159750959607631872
1159750644732956673
1159089374044348418
1159088663642419201
1158986208212586496
1158932969509158914
1158666441387700224
1158620101396041728
1158608273236463616
1158561344615878656
1158276141100257281
1158119640092069888
1157549565836500992
1157549199463866368
1157519521269202945
1157480446541697024
1157480209525985281
1156847974066077697
1156846431199563776
1156814470678753280
1156468136142491648
1156435746686824449
1156435502825922560
1155956973549969415
1155769106013933568
1155744425567383553
1155733325555720192
1155384820291133440
1154966878420447233
1154964018215260160
1154890709184516096
1154888238185832449
1154673343397863425
1154612152222789632
1154519807183556609
1154487427337035776
1154481225609797633
1154229868671803392
1154227786682228736
1153965592191348736
1153852595443830786
1153581764402712581
1153110199554605061
1153094643090804737
1152445550358220800
1152194753280319488
1152055138531471361
1151776032749322248
1151751160090566656
1151394540240146433
1151288590292279296
1151013721352916992
1150998025155817472
1150997017037926400
1150956836515770368
1150924501510578177
1150683889473507329
1150616857298128897
1149963390795862016
1149897139490893824
1149896739991764993
1149811659084484608
1149488503085862914
1149471019775565824
1149468522403155968
1149240334792060929
1149195617467420672
1149195064091873282
1149181821038600192
1149181654784708608
1149107103497408513
1149106450217746432
1148913690965508096
1148785940581642240
1148729921155395584
1148566687056367616
1148529408950464512
1148459270439964678
1148424537551208449
1148118040351059968
1148102527734280193
1148097291544342528
1148087553670746112
1148077892661702657
1148065507536359424
1147889752663740416
1147011740678234113
1146730131982962688
1146215410997563393
1146185423057637376
1146167984743833600
1145960027947032576
1145930547522224128
1145926125622837250
1145920302301319168
1145914858183024640
1145913801717374978
1145606596900335616
1145550088330240002
1145509825834471424
1145273147144335360
1145239799328063488
1144372308364148737
1144214821103165440
1144214282453868545
1144059352837480455
1144027210921041925
1143781888617635840
1143767664986341376
1143738122087223297
1143660639250014208
1143429896036933632
1143316090245865473
1143100877542084608
1143096925803040768
1143064655742373890
1143013932623265792
1142688397053648898
1142229562300014593
1142229474660032512
1142039150792728576
1142022358212808704
1141978335683067904
1141640128584126464
1141609509770674176
1141331385770270721
1141330360569139201
1141287964309430273
1141274455844564992
1140851836611469312
1140850459525013504
1140819666002042881
1140791678124474368
1140789132874043392
1140452439394410496
1140431317747638272
1140418777617584129
1140390922338746368
1139824777231601669
1139426221089947648
1139042744381239296
1139006140728061954
1138990327929479168
1138644887153201152
1138101855748120577
1137509194708340736
1137152526317490178
1137152458952728577
1137111261307580416
1136891341038710785
1136847077508435969
1136800645220974592
1136750708554850304
1136742828371931136
1136560773067661314
1136560358246821888
1136408196149473281
1136368568314892288
1136193184269078529
1136135610664660994
1136087970081984512
1135883342371532801
1135867807583821826
1135867230246191104
1135838510869442565
1135837652937314304
1135779398437679104
1135777484698341376
1135769078381989888
1135730005219000320
1135689089527627777
1135675672125480962
1135387927444217856
1134903471445069825
1134903286912307200
1134383054607114240
1134345552454344705
1134195829684621312
1134064393413640192
1133999599880982528
1133909582772760577
1133612308083568640
1133566429230272513
1133509886178877440
1133266432966500352
1133266337113919488
1133230461725974528
1133220499968942081
1133181994542686208
1132887121839046657
1132884221171658752
1132230419762618368
1132080891264737284
1131827471211474944
1131813624392179712
1131735044731490304
1131471245290221570
1131413178208776194
1131341417815658498
1131341360739569665
1131182972852494336
1131182350447108097
1131060028301963264
1131004209544028166
1130962334619279360
1130960191711657984
1130755797326024704
1130708595484516352
1129509812809666565
1129135522650107904
1128875599643045889
1128871617591795712
1128865547888746497
1128584139882414081
1128531406835949568
1128497827338903552
1128432348402348032
1128282568531439621
1128117190555648000
1127855765169917952
1127723899217571840
1127194978562666496
1127030688237092866
1126988082702581760
1126987932743561216
1126974207068442624
1126957686359302144
1126742265542504448
1126707609430478849
1126670733973700608
1126418551248707585
1126319867328466950
1126277689797595137
1125951254700544000
1125899348401741824
1125692915060289537
1125627003938328577
1125619213190582272
1125612347177914368
1125228962194415619
1125185618441424897
1124105338888904704
1123819811241431040
1123808761846599680
1123782163600674816
1123751469755379712
1123559129740500994
1123420971585552384
1123358465877991424
1123024538655059968
1122727868088242176
1122718059947446273
1122679887091961856
1122677301433589760
1122116015112908800
1121671471909052416
1121619052126826497
1121607218527293440
1121575897075552256
1121567144783691776
1121539966096396288
1121049908348444673
1120966983506284549
1120950405301542912
1120871882691989504
1120867744763633664
1120562307350847488
1120460146222817280
1120301103407620096
1119822361165873159
1119371145495506944
1118781676308402176
1118752840904663040
1118678568584613888
1118366523813453824
1118344399639810054
1118102341964767233
1118048381190856705
1117943480406302720
1117916753210691584
1117702667923382273
1117702175533047808
1117597151566057474
1116965406474948608
1116600521316388865
1116598443550449666
1116576290063040512
1116203544724393985
1115896166770716673
1115850951666098179
1115743487415054337
1115742359214379008
1115611840191426560
1115436088632332288
1115149860729044992
1115143680669569024
1115097274890063874
1114701666610229249
1114406081600471040
1114133585466761216
1114057535978393600
1114041114493734912
1113951463154151425
1113269401019506688
1113229368690479104
1112872216373342208
1111732907993763840
1111731857765232640
1111718675780820992
1111529212668727296
1111521626158444544
1111433718957137920
1111429391702097920
1111162367797137408
1110772683833110529
1110682433681162241
1110476243210649605
1110356231829348352
1110324664742473729
1110322888849002496
1109358457910673408
1108944322131447812
1108721243224588293
1108644068446236673
1108613112159236096
1108612935318814722
1108577807603388416
1108484453741940736
1108115702009872385
1107910565245136896
1107746073936748547
1107496973131833351
1106476918113624065
1106008431851237376
1105699315668811778
1105605580448661504
1105276810965614592
1104925643316191237
1104884420853489664
1104174499740540928
1104174445608894464
1103869530743365633
1103864676884963328
1103786635953504256
1103756408489570304
1103755169433444353
1103568714648170496
1103520538461270016
1103517986520915968
1103434931198279680
1103272763387596801
1103272666285277184
1103177972012335104
1103074168587730944
1103045869752864768
1102789763017240576
1102759366485336069
1101981685380395008
1101725660790177793
1101716905335840768
1101714922549915648
1101447190000496642
1101439150073569280
1101431386555076608
1101396687535235072
1101396175691890688
1101270681906425856
1100863504511229952
1100590878052106240
1100508244466819072
1100497030894501888
1100213379988365312
1100182251906654208
1100169421891481601
1099917932069453826
1099221795708780544
1098768573546213376
1098752392059793409
1098720506176393219
1098047075344801792
1097973978776236034
1097966607517675520
1097951873871441921
1097795852083445760
1097689251150422016
1097615858677932032
1097343864644366337
1097284062295670784
1096668566949187584
1096639796632444928
1096212049644814337
1095536724057350144
1095153365422551040
1094879942016258048
1094797060644077568
1094796027943473152
1094712578465398785
1094344221039812610
1094129525313675264
1094129470338822144
1093703254188290048
1093253394116931584
1093105683053010944
1092976256117661696
1092906079313289216
1092530653382483968
1092242612751237120
1092173611652116481
1091263906830520320
1091190453544706048
1091181204584357888
1091096409808359424
1091049869031104512
1091044491102806017
1090955749990244352
1090893151429148672
1090843816649580544
1090712833673871381
1090446140204474368
1090439607294947328
1090407943596457984
1090357325766918145
1090100994061459456
1089002410121412608
1088682452573437952
1088331128463716353
1088321511029698560
1088307403223838720
1088204514212012032
1087196029659709440
1087183188709957632
1086095852970496001
1085821381688938496
1085820882566742016
1085386828188995584
1085304590549938176
1085011268035985408
1084725198434140160
1084697422717173761
1084679017825857536
1084429382062624769
1083634987457568769
1083185084750950400
1083133519252070400
1082871991860895744
1082597510005301249
1082522198055763968
1082511013675581442
1082474282226237440
1082413754308911104
1082121315899842561
1081300019070799873
1081293887489040384
1081065775371149312
1080910738095362048
1080560788119654401
1080409751446405127
1080229109790359552
1561134857807630336
1560961094201507847
1559389628079263744
1558792162233696256
1557898456198533126
1552060604340662272
1494947261926998016
1382651174495526915
1381560418703876097
1375641069816143874
1356791639700688897
1324256917947109377
1323498935298584576
1280384221761007618
1272662229582622726
1210308868405788672
1203429613415747585
1111522846759481344
1111487677675655168
1105699997205610497
1095146532192448512
1085736172393918464
1080602641468510210
1561262122348191744
1561262122348183552
1561231783374487552
1561231782623821824
1561231764198137859
1561231764110073856
1561201579197333506
1561201579054841857
1561171375263465474
1561171375104081920
1561157967843856384
1561150319157190656
1561144738660716549
1561141295069945856
1561141295044874240
1561091771702312960
1561091770200506369
1560920371649720321
1560916364470407168
1560914169679204352
1560907233269108737
1560902399845617664
1560899785745485824
1560899785724497920
1560899710659198976
1560891891943723010
1560888398717431808
1560887360136613888
1560869407844450304
1560869407743787008
1560850176671088640
1560839213066633217
1560839213062447104
1560835264934813696
1560809003650879493
1560809003411701760
1560782294100631552
1560779021880885253
1560779021843156993
1560616584690876416
1560616100001447936
1560612444648509442
1560611092015226880
1560609816267341824
1560608581623242752
1560608579446444034
1560607919053602817
1560582350882320387
1560563229532704769
1560552458816028672
1560552458807558144
1560537487130464256
1560529514161213440
1560522213190766592
1560522213144526848
1560504524602839041
1560500604312641536
1560500603863932928
1560499371820699650
1560499371778752512
1560498079824072706
1560498079815573504
1560496830563160065
1560496829942448130
1560495575794982913
1560495575111553026
1560494307488022528
1560494307273998336
1560493055492472833
1560493055488163841
1560491902046183425
1560491902004334592
1560491882127495168
1560491881968041986
1560487789703094273
1560478476356173824
1560477910380777473
1560469159741235200
1560461687408427008
1560461687244849153
1560446481730916352
1560440199150292995
1560440198940565506
1560438953311932421
1560438953307676672
1560437686015598592
1560437685868810240
1560436430450696193
1560436430303805444
1560435173287755779
1560435173254127620
1560433906897281027
1560433906867965962
1560432651173089281
1560432651139522563
1560431553917878272
1560431553909587971
1560431513392631810
1560431513203871744
1560427561250746369
1560427278223691776
1560425584924438528
1560419842183897090
1560407369410027520
1560401417608855553
1560401376345264128
1560401376341118981
1560401261823918080
1560401261496864769
1560366981148180480
1560358880747859968
1560246198392479745
1560201354194321412
1560199840478674944
1560198243216068608
1560196494354853889
1560193555158614018
1560192259580362752
1560190492692070400
1560175060106756096
1560167150920388609
1560159812289286144
1560159812238938113
1560145684300500992
1560144225232207874
1560130661284986881
1560130661272494082
1560129473806303232
1560129473755897859
1560129458660581378
1560129458564120577
1560129386090844165
1560128967188758528
1560127966742339585
1560125409890631685
1560125408082894848
1560125260954947584
1560121634060570625
1560116100112650241
1560113869917327360
1560099272216936450
1560099272166674433
1560097710803365888
1560084318688808960
1560079290674270208
1560070266100879362
1560070265517875201
1560069721856376835
1560069132674125830
1560069132527321088
1560069007860183040
1560058189004935168
1560057484500402176
1560052738406641664
1560052496462389248
1560039026668748801
1560038981483503622
1560038981462548490
1560032646754775040
1560004600152948738
1560004598773039105
1559870592199049216
1559868019383234560
1559852034186027008
1559820230813257730
1559817301557497857
1559816092473753601
1559816047456161792
1559812621414666240
1559812355491495937
1559808457573900288
1559797438252212224
1559797438000553985
1559797387840954369
1559793651512901635
1559785396107608064
1559769658017779712
1559767614670372865
1559767113375555584
1559767113354682370
1559767097533775872
1559767097407832066
1559749357305724929
1559744207849684992
1559736913464107008
1559736913388511235
1559735951307714560
1559732674855829504
1559729226617462784
1559727889720811520
1559721688794808320
1559712130953531392
1559710539990835202
1559706759677222912
1559706759027200001
1559706730166099968
1559706730048749568
1559695172643995648
1559694747182268418
1559689992279973888
1559689349612306432
1559676605403996161
1559676600672813059
1559676600580542467
1559675192472920065
1559669144861261824
1559642219543511040
1559625699191058432
1559509763389476865
1559479389246464001
1559475345312870401
1559450208563597312
1559450005588639745
1559443445046968321
1559442356948041729
1559434990659805184
1559434990655528960
1559430431895744512
1559415403842899968
1559407148744036353
1559407148584632320
1559405886572994562
1559405886539501568
1559404710725042178
1559404710641139712
1559404698288939008
1559404698095976449
1559400622197276672
1559396951220981762
1559391751646871560
1559385210516561920
1559380636644700160
1559379662261825536
1559374510360494081
1559374510339637248
1559374395549749253
1559374334577229826
1559368755494264832
1559361149090443265
1559355287357665280
1559354173816471553
1559353302856318976
1559346747524190209
1559346747490635776
1559345489660739585
1559345489165836290
1559344364987498497
1559344364979093504
1559344333643546624
1559344333555470338
1559332726133628928
1559332658899206144
1559329137797615617
1559327572324139009
1559325233328586753
1559321548087066624
1559319333742219264
1559314186651504641
1559314186563461121
1559310747812761601
1559306435321683968
1559302558614962176
1559279811087982595
1559279809901084672
1559268927989055488
1559266161572777984
1559227175509065728
1559159029905211392
1559159028277805056
1559135056756895744
1559132283801456640
1559127419352535042
1559124876543557633
1559092281168347136
1559087819804606464
1559081959820779520
1559073023252209664
1559072657668194305
1559072657555001346
1559069006211911680
1559044969402441728
1559042344749568000
1559042344665636865
1559042231511781378
1559040334394707969
1559034655495835648
1559030510436855808
1559024098667139073
1559023736434696192
1559013834035044352
1559012123514224641
1559012122859798529
1559008176791756801
1559007016118812672
1559005846885093376
1559004666222215170
1559000946092302336
1558983565509115904
1558970374041354240
1558966857960415232
1558965412892921856
1558964686921404418
1558961905141616640
1558960514335936514
1558951736747884545
1558951736693383170
1558951702585286656
1558917443749306368
1558902489738772480
1558816137571291137
1558816046177730561
1558796645592080387
1558796644396814336
1558782825121267713
1558781772271591424
1558778666943156224
1558776049202110464
1558775027100659712
1558767102797836288
1558725386174873603
1558725386162376704
1558695041689845760
1558695041643823105
1558675836177420289
1558675834965196800
1558664854096969729
1558664853874774020
1558634638284824580
1558634638184267776
1558607995495407616
1558604549283356674
1558604549228732419
1558604493268422656
1558592588495478784
1558588469953597441
1558555042822737922
1558434242975129600
1558434241142218753
1558428384388349952
1558417951845400576
1558386245797289984
1558384082689568768
1558367503222546433
1558367082693140481
1558363039203835904
1558363039061221377
1558362964452859904
1558332670538653696
1558332670471540737
1558313462819950594
1558313462245122049
1558302496828887041
1558302496598233089
1558301373481222144
1558299423960354816
1558297703682977792
1558272338403237888
1558272338260594690
1558258785717604354
1558252116535578624
1558245569369460736
1558242295593553923
1558242295379632131
1558227832576376833
1558227001944801285
1558192658677465091
1558077561350934529
1558076798348341249
1558075632890052608
1558074595244007425
1558073610476335105
1558071883828019206
1558050234097287168
1558018028285018112
1558015723057840131
1558015723032743936
1558000723530481666
1557992796165906436
1557985543572561921
1557985543564189698
1557980515537682432
1557970160002162689
1557962728756727808
1557962728735756288
1557961367243595776
1557961367101095937
1557960111515209730
1557960111473270785
1557958849214251008
1557958848853442560
1557957595880718337
1557957595834482690
1557956443755667457
1557956443705417728
1557955218863783936
1557955218750558208
1557955195715346433
1557955195593805828
1557951062618906624
1557924967874007041
1557924967756570629
1557906130390732806
1557906036534628353
1557905843730784256
1557903533638561792
1557902239011831809
1557902239007707139
1557900969706508289
1557900969618411521
1557900596404969472
1557899711767613445
1557899710949646343
1557898454172573696
1557898453744861185
1557897196313485314
1557897196271550465
1557895965377548290
1557895964848947200
1557894939073282048
1557894939027116032
1557894896006184962
1557894895922200576
1557883285493145602
1557882623141130240
1557879584133357568
1557864647977381889
1557864647881113601
1557858887482560512
1557858782851780608
1557856108165107713
1557853937948311552
1557819429483954180
1556089219864743936
1555694262918205440
1555113960965537792
1554329619306024960
1554328389741207552
1554036610915713025
1552098209119744000
1550309683562307584
1549904683703357446
1549517184711282689
1548271888916287493
1548166046691250176
1547745883928039425
1547403899186753536
1547108506322739200
1546362168706158593
1546266055462764544
1544543512418725888
1544518444829143044
1544472336803721216
1544224250407841792
1544221854944350208
1543902519138861061
1543813697478373376
1541913212035014656
1539376163084115969
1539342769176444928
1537982015152066561
1537979689335017472
1537632140292136960
1537185764370313217
1534444162359078912
1534048552850116608
1534036639449636864
1533933422770810880
1532843095108337668
1531372308497309696
1528733761629655040
1526505215838810112
1523911231140429825
1523899623009669120
1523458522565939200
1521720726403043328
1521718347691601920
1521391743450886144
1521346784890527744
1521221955587739649
1521127497299283970
1519291694700670977
1518905383703969792
1518748266690920450
1509729417123217416
1508524569623113732
1506550096334573571
1504707870322880513
1502373594562584576
1501435212852457473
1499310627726118914
1499230470571184129
1496471914218651648
1495329827372802049
1493303784180568064
1488113402178596866
1486796597212049409
1486283461908647938
1486134084795777026
1481472490019110912
1479627780736241664
1468023628037967875
1467357637800910849
1466722472749768704
1463361156903362568
1463343445582356489
1460029395423219714
1459815344231514114
1459667730857017344
1457317582462017545
1456160130345553923
1455823304359493633
1455334859161812992
1453205657901928451
1452575676322574339
1446221095850295315
1444619965164703753
1441523692136062978
1440855601119051779
1440408531711057926
1438671691203289090
1438457139769614337
1438311784016875520
1437935345849430018
1436310186113712133
1436148589147799568
1435577907749945350
1435407377080021000
1434294355485810693
1429630021027594246
1429594315102121984
1426645925234024451
1422489696098144261
1422063813587718150
1421390170805338118
1421012839402131456
1420674499217805313
1420319738253611012
1420234682541613057
1419759898334662659
1418702682148069377
1418301986332549122
1417666799491977217
1417628972452433921
1416543904996872193
1415776202451681280
1415532467709091840
1415462391328870400
1415439106172014600
1415087288061620224
1414868035429490690
1413122978036928515
1413066196337893383
1412952632038092802
1412902070852546562
1412114080970678273
1411804231686754304
1411635801855721473
1410419404370706440
1410194909877837826
1410151466749206529
1408909926970183682
1408578240332005383
1408393840722006020
1408048802552946688
1407909549713944584
1407427719197986817
1407170010204676096
1407160883915091976
1406728046736941061
1406067564422123520
1406013339373764612
1405738883514462210
1405316288394633216
1405132878556499971
1404601167330496518
1403643223306690565
1403296248711368706
1402944729453527041
1401290944985505792
1401009330976038913
1400695769464668160
1400557807796064260
1400539507376623616
1400400567986388993
1400322000510328834
1399953389857898498
1399929325747544066
1399264797577736198
1397700259493548032
1396912301425389575
1391895021901676545
1391656502239236096
1390992829774798852
1388582882445197312
1387005918215241731
1386597832006668288
1386098417449984004
1386095599896825858
1385733158084046848
1385491540739444739
1385382318911590401
1384319944066666496
1384276922553622532
1382304141532225545
1381954531496357893
1380283360153456640
1379352020616765444
1379295702396755968
1379260349522747392
1377063341005238275
1375539605299073025
1374197865573011459
1374083218232676352
1372763560447647754
1371447032125124610
1370471251009937409
1369770916666777600
1369767629334970374
1369412380699090949
1368897866140246021
1368032437176045681
1368030270348267528
1366909489715113986
1366707179328184323
1366314720081240064
1365918328116498432
1365459670001975296
1364672950704635906
1364490977092587520
1364000675349237762
1363766283976597504
1363677033277005826
1362938929314295808
1362322556838162433
1362263472306757634
1362192206044352515
1360977452743360519
1359985421019619332
1359970394300506113
1359843401546440704
1359384355420835841
1358322456277049345
1358071491208773632
1357567083379216384
1356918956167110658
1356771378259714050
1355980645776781315
1355364332801044481
1355323284141862915
1354418803438882822
1354340623013220353
1353494873433731072
1353083886083792896
1352246366580342786
1351803534665162754
1350989508188270592
1350928918044434432
1349821260016959488
1349001827015143425
1348112365301075972
1347729839810179074
1345738757023010817
1345738294135410688
1344651620680753152
1343708429873946626
1342974017506922497
1341221752320401410
1340627828698542080
1339445775735037952
1339329022338076678
1339327319719047168
1339306461063593985
1338434284466499585
1337565763025076224
1337324500275187712
1336954561659990016
1336820604410843137
1335905455252467712
1335158291597381632
1333751533108805632
1332637378175926272
1331041818868322304
1330354786101723136
1329922898329362433
1328321444879634432
1327792959102742528
1326530683867598854
1326268327610572800
1325917905205174272
1325910615035047936
1325681527519387648
1325422912459866112
1324891464690671616
1324550478030532609
1324461871445864450
1323582587709788161
1323025161986060288
1321441893218021376
1321037684630982661
1320699150728478720
1320679713300385792
1320528677889662977
1319102035686526977
1317976647711092736
1317771690202468352
1316530247852990464
1316495380599595008
1315647365064269824
1315446035356028929
1315425455747420160
1312001588748115969
1311792973164670976
1311082069603172352
1310944425993007107
1310511914758205446
1308588164819288065
1308508444006129665
1307891724941889536
1307107201392275459
1306567577200549888
1306491480639324160
1305658230442520576
1304971239577059328
1304897424280829952
1303950331341017088
1303595629818511365
1302866953439068162
1300915195401834496
1300383639306252291
1300333253878980608
1299501265110482944
1298541970806190080
1296652554957250561
1296639761340174337
1296391943879098369
1295915409363726338
1295690856947568642
1295599484450349056
1295252863380332545
1295129429593792514
1294395264124563456
1294120021703176198
1294075142499266563
1294073283839586304
1294062729913757697
1294059085839515654
1294058190049406976
1293732501261889543
1293543853731938305
1293410499955048448
1293020021690707968
1292952222947594240
1292613141130555393
1292058444883787777
1291608106560962561
1291511814279159809
1290912647047606273
1290082367990722562
1290058516091138049
1289370545146834945
1288447189098868736
1288258878929502208
1288049312912506881
1287693735501926406
1287242526529687554
1286210143902814210
1286134840535011331
1286107473561051136
1286074781998018560
1285751928085983233
1285429717919817729
1284915435310166016
1284628500733784064
1284305339664474113
1284267195879485440
1283906630577352704
1281900517342543872
1280342760025919490
1280060388390903810
1280032486702174208
1279253750218031105
1278303410240937985
1278088473107296257
1277784760706719745
1277735953994375169
1277564635038707712
1277500943710384129
1277480627562934273
1277406169590566912
1276827481002004480
1276736905074393088
1276401465200762881
1276319410026958849
1276063698986008576
1275997359135240192
1275947690745094145
1275634488610115586
1275332339237711875
1274317747430862850
1274291575871475712
1274286444744519681
1274206062162264065
1274166259089801217
1273851139465805825
1273819137199026176
1273399879566594049
1273118339435560960
1273074515178778624
1272709666665934848
1272413550753935360
1272377671507476485
1272355695028035585
1271438697099956224
1271415350974771201
1271042499449024512
1270995068078501889
1270949429181202432
1270532419280494592
1269192583835779080
1268451140120784896
1268408617633447936
1268276567425183744
1268136747399032834
1267977902500581376
1267300700893130754
1267285138809016321
1267202088431497216
1266592655275888640
1266547103548887042
1266355589061521408
1266246493561712642
1266227020440068104
1266220983167393793
1265809412859596802
1265432592721068036
1265237444754096128
1264736687567056897
1264668899427024896
1264162368575221760
1264133042504904704
1264020180436496387
1263983787114926082
1263673509412319238
1262903348702912521
1262614400831311872
1262185518479089664
1261811502027333632
1261808655349035012
1261453787769843714
1261160236116631553
1259318969648939009
1258001920691539968
1257767888666021888
1256125041332219905
1256121647930597378
1255962541806596096
1254595745455337472
1254259269102436356
1252785354903482368
1252776659578687488
1252412838120878081
1252386206194601992
1252069835493654528
1251985840969924608
1251472609734266883
1251375496379740160
1250776392272314368
1250639539527397376
1249670113478885376
1248107030339969024
1248073695685312512
1248001528897482752
1246385021469982720
1245971777462779905
1244615367693041664
1244522942043750401
1244501936109486081
1243420012926255104
1243405280773206016
1243168326299205632
1242774679749660673
1242772517674082305
1242754966709665792
1242614404639834112
1242254205567602690
1241924576801460226
1241884934635216903
1240925121503612928
1240846881833414660
1240540850523963393
1240520627385069568
1240502484705017857
1240481671310233601
1239720813206450178
1239297273374240768
1239295924620283904
1239271375199555588
1238998770412470273
1238630032194646018
1238557780891455488
1237085435177979905
1236767161995034624
1235669212254756864
1235431622872150016
1235379210589360128
1235314618182119425
1235287950071599109
1234993654034382850
1234908719261065216
1234740800204005377
1234683540593233925
1234682726017454080
1234422691421130752
1234358213094584323
1234257982860353536
1234205791407632384
1234194368187101185
1233915263617093632
1233163521732620288
1232952958205206528
1232755066831925248
1232583822564352000
1232466415602372609
1232461629620535298
1232426996967378947
1232418920499277824
1232184027320242176
1231032684563927041
1230213612494446592
1229510983946665992
1229487623577559040
1229303946411331585
1229032522815811585
1228626142514409472
1227832972633681921
1227642164139757576
1227435991444738049
1226952848920891392
1226846095273230337
1226516141004263431
1226131243835674625
1225522213580832768
1225492981651853314
1225026596001574913
1224986547235110916
1224940697913921537
1224578879991373825
1224478504835674113
1223086971473612800
1222694575065784321
1222598215213568000
1220855852371828738
1220441229600739328
1218977001819623424
1217961017667284992
1217537620420517888
1216586789684535296
1216517048534044674
1212171770490261504
1211930782555443201
1211416859334983680
1210863939996782592
1210647821356949504
1209349634910388224
1208576624003698691
1206877746690842625
1206775799770177536
1206333163850612736
1205625634770178048
1205399737643364352
1205216347442929664
1205060241643040768
1205018135222292480
1204888616406831104
1204662943910105088
1204609199969202177
1204589569192022017
1204567420930646016
1204237568155492352
1204197302686011392
1203825489170878466
1203775754128875520
1202846152141496321
1202800048632926208
1202362087760125953
1202316790170312704
1202094010489352198
1202075069780037632
1201976922068148226
1201667121849262080
1201281006361178112
1201259747858628615
1200323781601968131
1200263144100257793
1199810138061918208
1199586776962125824
1199580880035106817
1199566749399691264
1199523344627859457
1199085480421318657
1198051999511654400
1197998200730374145
1197769201110454273
1197767690611494912
1197645100215439360
1197612128321990657
1197371078055780352
1196895942936612865
1196637562703679488
1196636456195895297
1196629319826718730
1196186333431189505
1195216886608384000
1195189740372418561
1194463372743458816
1194426340713234432
1194413986193653761
1194011970741112833
1193979564117987329
1192690218232451073
1192608361377714182
1192606854049718272
1192605836117282816
1192604618263367680
1192603818782937088
1192602644516241409
1192601158583369729
1192573454404505601
1191821704529510400
1191445179049361410
1190850517049626624
1190720284518735873
1190161446518317056
1190159556841746433
1189799336093327360
1189452480339419137
1189321659251122179
1189314562048311298
1189252318241398785
1189111650126708737
1189089708036501504
1188625804227297280
1188359316224430082
1187655819820556289
1187618711248801793
1187320005332881408
1186888140142702592
1186506748489715713
1186369566877728768
1186365970022948864
1186363318115549187
1186094455201206272
1185685083564363777
1184677996726235136
1184630109384261632
1184001023783952384
1183968251073703938
1183916161492062209
1183914649206439936
1183715149078654976
1183646779356536832
1182914092262133761
1182547902654230529
1182501339236052992
1182501101498699776
1182383400360935425
1181705852451000321
1181425558527197185
1181307571543527424
1180256312527147014
1180115237539856386
1178893494166982657
1177859735044939776
1176830298157240320
1176469502936018944
1176420717283307521
1175581419508092933
1175332991909842944
1174853582191026176
1174469844160245761
1174201053404966913
1173483467293593600
1172859440472584193
1172695722908684288
1172376855699058696
1172238116049969152
1171587780826161152
1171292855702212608
1171199672574078976
1171155078427762689
1170948531672059904
1170451761267539969
1169889833298251776
1169518121465475072
1169243345568305152
1169156399710068737
1168458963278426112
1168390293076365312
1168387044608860160
1168367335754780672
1168356699012382720
1168264834296582144
1168055168929165312
1167974218165702656
1167582230006222848
1167556254480207872
1166826336230371329
1166640358396219392
1166563652448788481
1166530445984641024
1166323674619641861
1166132795963523074
1165429534100865024
1165391011687698433
1165197736737558528
1164801142624096259
1164771470238633984
1164763999767937024
1164493946711678979
1164150443632545792
1163568956310867968
1163240307346964480
1162969100487815168
1162934477716258817
1162905732037169154
1162629277793128448
1162593833118384128
1162292296793989122
1162118461461430272
1160498382420320256
1160051259434360832
1159942501475577856
1159937990505844737
1159746606368874496
1159738237830565890
1159737360046645250
1159704521808859136
1159553740661121024
1159394459987038208
1159283378379583488
1159081081670426625
1158716427425107973
1158506579596959744
1158485841603207168
1157929791057612801
1157822405395402752
1157208596343431168
1157050535238746112
1156704766031880193
1156667525335093249
1156298157505970176
1155044926125510656
1154190076361842688
1153964403403788291
1153940566905774081
1153500810837446657
1153492243568660480
1153259653335343104
1153060736031084544
1152586347187716096
1150870133436370944
1150194904682754048
1149892824487215104
1149276908938379264
1148759357464596481
1148598772030681089
1148408493931524097
1147983032512602112
1147645135003369474
1147301580775071745
1147279546372116480
1147277785561362434
1146902468263124992
1146664896383184896
1146615824909664256
1145940321269768192
1145635132759396352
1145610156002152448
1144550010887053314
1144546762675372032
1144391693631971333
1142016227822329858
1141934475950977025
1141593363789025280
1141542346665762816
1141452090478252032
1140933050869530625
1140754742395600896
1140586218998001665
1139702833127706627
1139522051905998849
1139373061797400576
1139024635947651072
1138994810105212928
1138244057887588352
1138236620816019456
1137973494958952448
1136584236113121280
1136533393716342784
1135869240202866688
1135843071403290624
1135842227052195842
1135786404305227777
1135775621743763462
1135641581300510720
1135125685352128512
1135019592265404421
1134955676923441152
1134679513374371840
1134391592561676288
1134324256714645504
1133985169637904384
1133605270888882177
1133560707964854272
1133484614683484162
1133304254087798784
1133270971912077312
1131863096954376192
1131180038508961792
1130588926182248448
1130585753077993472
1130357790155857920
1129865956161773568
1129550245447122944
1128238120137150465
1127866396522606592
1127298578777608192
1127075718427480065
1126803096762494977
1126698134275387394
1126689804647714818
1126681826653663233
1126444548551532544
1126367896156852224
1125631139123683329
1125614562986692609
1125542967232491521
1125512943959863297
1125497334643679235
1125187902575525888
1125154971891027968
1125153394295885824
1124673493054869504
1123903706725081088
1123866313615712256
1123855624100634625
1123836678647554050
1123808529213792256
1123195826749231105
1122726603568680960
1122245623351103488
1122006180371603456
1121575516144672768
1121021195124559872
1120901326907383808
1120776272005591040
1120535695280562178
1120527551003283457
1120298824419938304
1120297667295420417
1120242290918694912
1120207756223549446
1120183190843318272
1120138731254476800
1119781308056702976
1119230432397135873
1118807770470526981
1118762994446430208
1118379236941881347
1118333819344396288
1118331490880745472
1118300250509201408
1118031505652092928
1117974609419128832
1117747592203526144
1117547018233102336
1116980303992635392
1116887841122840576
1116278715854524417
1116144878340251649
1115946462272159745
1115935635678822401
1115880569399910400
1115391304626769920
1115221778836742145
1115204980330377216
1115133879688384512
1115110570343247872
1114124620670676992
1113660789204946944
1113625788971196417
1113563251118411777
1113399338972078081
1113038321582653440
1112948912233472000
1112889932295618560
1112611707266846720
1112525959675236354
1111811404107927552
1111752245538807808
1111578320636919808
1111571153947103242
1111466203782864896
1111404123201523715
1111173986010963968
1111018703393439744
1110823019495079937
1110818907600748546
1110794575365459968
1110718235333353473
1110681342772035586
1110067191666348032
1110061577279930368
1110010115409612801
1109991091875409920
1109966910425190401
1109299066800926720
1108943228793843714
1108690667088154631
1107818826329026560
1107769643966431233
1107611663593660417
1107608928722931712
1107572076263682050
1107494477961134080
1107467736878206977
1107020938069991425
1106776928374214657
1106767052327378946
1106684498194817025
1106674439796740096
1106669592741642240
1106304615383851008
1106286255396941824
1106127058063818752
1106085362378596352
1106075229531582464
1105723609115324416
1105713258982502400
1105462537812873217
1105429082697801728
1105387526875897856
1105353142982533125
1105267517688180737
1105243326310043649
1105238493280649216
1104987201761230848
1104943625916436480
1104899153258258432
1104250049012350976
1103994563201589248
1103977954374287364
1103974621626421248
1103871767406211072
1103779153977827330
1103774234810220545
1103623002854432768
1103129951488733185
1103011434168872960
1103009805491290112
1102780689542512640
1102381950025621504
1102002697668943872
1101966443728551936
1101638099921223681
1101610722746880000
1101494359147462657
1101328758655483905
1101220547671711744
1101008118975287296
1100998508365168640
1100964729684721664
1100632439817330688
1100282068959846400
1100196153562300421
1099840347922825217
1099821637828935680
1099633833362653184
1099556418129137664
1099163781123452928
1099060904228876288
1098738083875512323
1098425575713067010
1098320890037563392
1097740434292453376
1097668778756759552
1097659258055708672
1097657845988843522
1097414152551686144
1097334726484885504
1097312679289442304
1097268938801504256
1097233423033262080
1096374353812279296
1096241271608201216
1095929619532926977
1095918113499996161
1095558593011539968
1095434868798836736
1094906968697761793
1094751177651105793
1093716612312530944
1093648890958512128
1093042825262821377
1093000346123804672
1092977175874088961
1092976300631805952
1092974784877453312
1092971936722739201
1092967866771488770
1092964809836920832
1092963304438296577
1092961565697966081
1092959915834933253
1091810610377945088
1091624794997567488
1091130583873396746
1091128762022809600
1091089145982676992
1091088345038385152
1090937672217124864
1090788782767509504
1090697732010864640
1089781349643415552
1088607073645015040
1088310300510769152
1088307748113068032
1087576395226800129
1087536482884243456
1087448747951382532
1087164753540276224
1087085360398532608
1086829298554687488
1086412847083651077
1086198341581426690
1086116450308284416
1085100876610465792
1085061658681126912
1084783115128561666
1084546868217028611
1083468348652904448
1082401181257756673
1082154356365901824
1082104982286098432
1081086647079301120
1081010661277065218
1080683370365870081
1080669590332403712
1080668549612535809
1080380235063779328
1080248254552408065
1561260877852327938
1561193922650677249
1561031079745597441
1560491808827768833
1560421387264823298
1560099402844459008
1560084232604622848
1559535768489836545
1559272512273481733
1559098420177948672
1559019092421627909
1558710210386345986
1558628933956153344
1558030789576740864
1557513176589414400
1554366486160232449
1554327783358472192
1553951614452523014
1547189519836803072
1547135628143312896
1545034544172367874
1539766098685349889
1538884083987935235
1531960301826056192
1531269807630618627
1526478156172959746
1521308526781825024
1518453667170557952
1517116359926235136
1516664502137372673
1515261162862088198
1512915703753367554
1496359128217751552
1495954166254030851
1485868432877027332
1454016057363111943
1448901910715506691
1441235840634540037
1428188887675904003
1420557192642535425
1407960041798307843
1398549697774592002
1393395976627376129
1377429555212820487
1367286527672258567
1364434477162713092
1353125841442492419
1349131321302417409
1344789616142897152
1338819161158348800
1338818790151188480
1338245865010393088
1261479571272024064
1253437122037420033
1243077934748807168
1240485622864728066
1239737479797698561
1143290465413816320
1138620137765031937
1133867842569265152
1131797815783354369
1126031704320118784
1124795063220023301
1123154020351107072
1122476061659414528
1120637175802945536
1115868125831094272
1115487511189573635
1114440064287645696
1110471238118313985
1106485225574391808
1106345413341143040
1103808294559219712
1102426029086261248
1102390793870794753
1100652810234867713
1100284442168385537
1099172055499427840
1098754949171732480
1098060543900839937
1094738835957633024
1093769477253083136
1093668378248503297
1092623139496910851
1091164390081015808
1088602767558467584
1087565204785786880
1082417212265181185
1080642164349128704
1561151343687249920
1561151092742041601
1560577483594170369
1560561819160576000
1560538119484493824
1560491865178525696
1560470756923846657
1560470748812087296
1560410158152368128
1560379815512797184
1560232442815868928
1560175811516256256
1560160453715668993
1560135568788717568
1560116778918825986
1560090029707624453
1560089132772503557
1560087790779772929
1560087469546405888
1560087083594940416
1560085663558795264
1560085145029574656
1559821619010236417
1559806372362956800
1559760449712766977
1559747793233006593
1559745005744705539
1559740438999105536
1559737434988228608
1559730703826239488
1559727765389459456
1559724306653126656
1559722304095285249
1559722057537327104
1559720731113844738
1559713635257053184
1559710112008220678
1559705436818788353
1559699297477992448
1559695637007912961
1559691183366238208
1559690663322521601
1559689342104178688
1559688000132374528
1559684258419331072
1559680787808546816
1559677480742445057
1559676469487738882
1559676262691803136
1559674397417676800
1559672706819399682
1559670832519335936
1559669258074071040
1559653739669377024
1559646453718429696
1559640048861335552
1559544821051584513
1559541755602644992
1559514400746520578
1559513821005631488
1559501219617710080
1559470735520698368
1559448983747334144
1559446702805090305
1559445912824344577
1559430298823438336
1559425289104502784
1559423811883134976
1559418517882974208
1559416244105023488
1559413466079035392
1559410711260188672
1559410479453569025
1559407102782623744
1559395150279118848
1559392277566562305
1559381524251697152
1559381454689210369
1559374971943526401
1559366847522213888
1559356420734459904
1559355609887408128
1559352908499816448
1559350078267338752
1559334600584835074
1559332001227755521
1559329283549855744
1559327452182196224
1559325532491096064
1559324446371880960
1559322785029099520
1559317528400121857
1559316247007100930
1559311619376656389
1559309724637544448
1559308117082402817
1559307118221467648
1559306450500866048
1559299011042979840
1559291451602661376
1559268733142847488
1559165277132455936
1559147968631934977
1559124490285506560
1559094428341379072
1559071401805352961
1559063863311486976
1559026785798733824
1559018066297556992
1559017140987916289
1559001129509584896
1558995653539221504
1558971482780631041
1558963889114533888
1558963505616678912
1558953116988772352
1558951944634281985
1558946945179467776
1558922741201326080
1558833645947072512
1558664799306756096
1558589236479131648
1558544032804270081
1558064838584434688
1558064437944524801
1558054951963729922
1558008437165813763
1558006650790768640
1558006643282956288
1558005266519506944
1557995068988223488
1557989493571190786
1557980247941054465
1557976719038226432
1557970365510569984
1557964912185712640
1557956626208161793
1557937941149671425
1557933761912008704
1557932394929303555
1557923922418765824
1557921891423137792
1557914387805278208
1557908556262674434
1557902745684033537
1557900420630315008
1557886603846381569
1557863800866344960
1557854521690583040
1557818188527636480
1557793574011674625
1556675425132507137
1554861129972588545
1554802616575889409
1544133802662178816
1542797710289358848
1540155900996251648
1536870365959401472
1535924201458405376
1532585775824797699
1528873325996351488
1528595000757407744
1522733722218659843
1521516986614030336
1521434552115245056
1521280444808892416
1521079050160156672
1519545883049619456
1519544910734454789
1519184881963929601
1513343005557923841
1511885612173107208
1505191909156810761
1498552553327398912
1495213663526944770
1494872823449677824
1494504248465264643
1486470855739973633
1483750413770047488
1483219315684147203
1483218231544651778
1483214477915230212
1483206509681348608
1483203001896808450
1482170907083022339
1482159760623693824
1481455365678338049
1481200303185993729
1481055066450980866
1480474918986731521
1480338721711050753
1479256123660111872
1478903967035707392
1478574036254814208
1477439591732764676
1477096386382348291
1477045160391237632
1475962029823324164
1475432253740273674
1475270948957818883
1475268260018851842
1474892761690099712
1473443223859126273
1473412653691199489
1473410831882752003
1473409160372842496
1473226761747894272
1472385850906349569
1472380530175795203
1471386361210892289
1471325650124369927
1471324599828713474
1471322007492956161
1471237495069167619
1471079057429123073
1470342634447130624
1469820786303115270
1469819959698079750
1469817297183207424
1469813972740149250
1469473620992794624
1469469280592822273
1469070158408785925
1468708478122221571
1468349177641848834
1468347913814216704
1468330474909011970
1467016594630995970
1466953447530319875
1466951613789007873
1466719726856400900
1466629183149252610
1466612091935072257
1466526641069248514
1466301574980923396
1465904357782667273
1465889990693425157
1465226403947765763
1465095939580829699
1464924156823101444
1464384392525086730
1464000856567607298
1463496036601655304
1463298772352393221
1463087303698513928
1462924056534011905
1462921081061134340
1461319228070367234
1460730859854516234
1460581875278172164
1459497546078773254
1459496118744616961
1459295064337760259
1459293194454061056
1459096305049866248
1458566979040677892
1458216964552155136
1457848864585621506
1456391857257082882
1456204539183329280
1456056366846529536
1456029642016571392
1455677099230957571
1455084368511127552
1454269567992094724
1454224802760196100
1453871678925139971
1453668350324719620
1453227118876315651
1452865480465661952
1451149334385291264
1451100559528714240
1450968986582065152
1450613527991885828
1450235633297883136
1449892453595566081
1448600946758455301
1448428323156094979
1448195760835555329
1447869811241799682
1447681014927556609
1447680055165870080
1447363037271265281
1447046225686110208
1446999197333405696
1446435548252438534
1446017103648198660
1445911326669225984
1445549480300847113
1445543362791030786
1444981603986333696
1444964690879148032
1444960441919102977
1444085455272628224
1443820148029231105
1443818751565058051
1443742517665492998
1443526557025202181
1443524333956042752
1442863055419883522
1442817413796352005
1442642461386371074
1442615550371270664
1441909891174600708
1441908331866562564
1441528823221157891
1441526298615058440
1441336574248054788
1441185744500838400
1439884436682776577
1439027097767317505
1438764519887572993
1437967994068471811
1436074654834184229
1435381475126349824
1434918092128206855
1434148700507369481
1434147882383282180
1433376335448002563
1433190922460680195
1433190428258418691
1432923242457616385
1432885108072009729
1432826249987051520
1431966220694142979
1430678340650692610
1430677462669688832
1430676575163346944
1429777776899346438
1428879490277470210
1428857589840846853
1426355328904437761
1425612553464389635
1425601921369337861
1425222937640988674
1424509695104937987
1423825312660344840
1423816571642736643
1423589952906874883
1423082540848402433
1421992185591861255
1421316846351904770
1421315838171222017
1421312839550005248
1421312378675765249
1420302728794755074
1420285467107287043
1420271376594739201
1420097823832305664
1419959550933815298
1419826510525964293
1419107992474062848
1419097391727210496
1419088764819808258
1418749332124147713
1418373712785514498
1418368758784020481
1418359452697255940
1417303750906040320
1415887166668873735
1415885412321529858
1415824400360771585
1415823924256940033
1415822233826521089
1415810971411513347
1415490834242310150
1415456057560682500
1415120456676380675
1415112625004838915
1415109718519947264
1415096876366397446
1414729703865290754
1414467546493841416
1414362976270774275
1414161675364671488
1413777143243235332
1413757861264445440
1412684262994694149
1410016559221772292
1408212215593791500
1407660453564542978
1406053545535700994
1405063395448135682
1404956495867875330
1403295786167795721
1403278621280653312
1402874189845913605
1401105310203318273
1400974717369012224
1400968030885015553
1400966308632567808
1400234474814668805
1400226805080940547
1399890409153650690
1399701629134200836
1399678468279791616
1399493097382244353
1399336657820688390
1399328994705563649
1399327622568431619
1399154077422915586
1398483448512221190
1397699610773053445
1395920265045966854
1395887275767078913
1395530525683503104
1395353108201435138
1395349414315626501
1395348705092374533
1394940754590507009
1394804353404268545
1394591793857978368
1394477931045392388
1393935134772977664
1393787051338829825
1393372294081171458
1393366836587089920
1393127258458525696
1392986991072010240
1392616016702697478
1392267608875884549
1391921178135040003
1390846629461192704
1390583425287876611
1390138562729844736
1389729694593916929
1389379777518194692
1389028959724052487
1388141003396186119
1388047431938441218
1387946822300160003
1387531849933606915
1387528425636724736
1386852918310014978
1386634594741489665
1385463595194933248
1385463035385450496
1383705756055216142
1383702725561487364
1383620855868006405
1383605863244451843
1383221344540581891
1382468311145799682
1382282707443453957
1381761326234488832
1381760800608542720
1380643530628952064
1380095268490674176
1379948791894220803
1379931220759306248
1379918490128183297
1379917244231118852
1379596972663836675
1379587522712334338
1379396650138021889
1378794396045340673
1378507383480086529
1378473567273295874
1378471399686201344
1377416898678169601
1377198529890840581
1377049400631959554
1377048005753196550
1377045818159472640
1377038219888320512
1376445995937001476
1376388121986654210
1376386812004818944
1376011966360133633
1375776982739283970
1375622453993504768
1375243039480815616
1374529790221295619
1373757906152083461
1373730438590558208
1373727403273457667
1373724418724167682
1373721469805490179
1373464224282779648
1373451525972844547
1372380636560855044
1371993571742523395
1371031117566910464
1370171659559170054
1370168299246415874
1369973466145812488
1369920823897722880
1369800614360719363
1369442051637600262
1369436774922063877
1369085526356070403
1368073053205241859
1367822745472434177
1367410365462499329
1367367529144881152
1367269528481058818
1366953155527811073
1366551110081675268
1366221431709700099
1365072201926406144
1364726748022145025
1363737992846708737
1363650635892101121
1362928788141608961
1360409658532327426
1359682162383986689
1359668413098983426
1359659488261808129
1357896947638575104
1357483693292412930
1356491872521379840
1356220412502437888
1355688921292623877
1354966443268268034
1354931377456742407
1354662155585425408
1354573379911741446
1354185361275170820
1353493358593810433
1350974336757338112
1350973843062591493
1350207393951453185
1346240134488813568
1345489430979571712
1345358724056010757
1344935473509146625
1344931645258756096
1344534568737521664
1344438762542043136
1344152846439075842
1343383804237377537
1343360217170530304
1342179828061986816
1342176750919241728
1342174619290112000
1341164386828890112
1339703741759410176
1339359312146092032
1338772011573600257
1338737697196666880
1338275877264605184
1338261786294775809
1337194031646818310
1337162423933911041
1336784334410317824
1336572055064432640
1335939421103779842
1335012222058164224
1332992807238205440
1332991245212270594
1332219510518992897
1332125260703887361
1331730835435790337
1331525528218607616
1331372669757865984
1330655954765967360
1329205251468005376
1329201779058171904
1329124360850849792
1329117474789355526
1329030568294588418
1329028668149022722
1329027980962586624
1329025580684046340
1328873267747164161
1328859574208630784
1328504730734104581
1328498204782907392
1328223731546685441
1327430568603123714
1327003268959014912
1326649985723633664
1326525870891282432
1326504836343365632
1326163276313587714
1325808684614742016
1324883114305351681
1324480137165905921
1324477430841573376
1323478967110651905
1323052664314228737
1323038908498653184
1322187186154987521
1321928755552505856
1321746431397408768
1321298732911132679
1321081845946195971
1320712902148579329
1319656911818661889
1319274144920260610
1318922625201115136
1318709032220151808
1318171237974069248
1317510774269554689
1317230576622014464
1317104985008672768
1317045705559584769
1316902553536311296
1316902549354663941
1316902543235162112
1316902414902022146
1316729837113860098
1316701523015954432
1316332867832741889
1315659958634065920
1314731983746953216
1314593059145945094
1314205020795990025
1313816413119938566
1313632126693122048
1313607799520329736
1313603037781520384
1313121110960017408
1312934464138276864
1312895854299287552
1312879024092450818
1312186290339635201
1312000147581214724
1311785877757190144
1311685462055170048
1311303520079937540
1310187959522439168
1309646146390745088
1309636513538273280
1309633413775650816
1309631693842595840
1309626528364290048
1309491093298384899
1309126210086199298
1309098324419641346
1308554043514527744
1308385088766390274
1308381471925702657
1308196989805326337
1308171059959459840
1308062361492893698
1306735232888971265
1306606085604663296
1306225567960838145
1305884730248880130
1305110346038820865
1304240476816510976
1304062018845118464
1303348058462195713
1300427247694774273
1299333116683644928
1298272539815231488
1297888241023098880
1297727983252205568
1297132141684252672
1296990335562727426
1296810010224332800
1296433161480679424
1296054757472317440
1295707174698713092
1295354324231610370
1294899948899704832
1294284859930804229
1293926553940787200
1293874897874120705
1293544321535410176
1293279850095091712
1292816062757720067
1292588358527418368
1292395676999933955
1291383588227776512
1291034901660094467
1290627360191139840
1290290272622927872
1289175744740904960
1289174431651127297
1288836443339730945
1288472807588810752
1288103667833470976
1287725530532532224
1287663154676154368
1287623791192018947
1285941884897103877
1285216358427439112
1284124389362012161
1283756375768739841
1283047901367865344
1282991326611431424
1282659301698547712
1281223914199437313
1280115433048346626
1279712837997338624
1279031593798111242
1275772339620163585
1275406226575306753
1274107727237615616
1273973997902929920
1273585427929157632
1272456606278656000
1271058932652560384
1269979029727113223
1268174996633014273
1266349556729614336
1266014997248786433
1265991823404814341
1265471615074070528
1265278501969637376
1264889968859795456
1263818367561076736
1263455217451806720
1262709322678755333
1262365984121331712
1261519952726630400
1261300720738930689
1260918317113622528
1260548935967363073
1260205115643920389
1260004147245584384
1259832700552314881
1259034088826195969
1258756874477985795
1258389084470497280
1258347301849845767
1255673804174417920
1255364587639242752
1255122859308937216
1255119757709209601
1255119356196876289
1253305431415492608
1253121842178449410
1251725686764494849
1251422317936291844
1251419144513179648
1247368950951731200
1241625977681096705
1237611700771098624
1237298849342877697
1237225044952133633
1236895793245614080
1235046819744190464
1232523663259234305
1232276794792763394
1227765203867226113
1224643716838830081
1224543754713010177
1223607688178749440
1223532656777842688
1222884849356169216
1219487694243254272
1217111211700961280
1207963336291356672
1203480085401145346
1202915306055897088
1199550252593737728
1199235324494245889
1194539886948302848
1192773930324393985
1192294221417312262
1190238873743437829
1189452219210485760
1186546247869652992
1186494196552613889
1186243620640182274
1185193901839265793
1185145110683480064
1183539699215929344
1182236442258481152
1180124773940170752
1180124226411487234
1179055459619049473
1178889838650462208
1177801179071336448
1177586333004509184
1176837669210316803
1174254278753603585
1174194403893792768
1171724467560767488
1170254415510396931
1169808268069363712
1169554221059989504
1169423381759791105
1168738791349051392
1168162706198843392
1165935645220642821
1165880582296883201
1164822676474478597
1162264980890112000
1162225575018156032
1162152484267163648
1161955505360658433
1161195321906483200
1156138601853464577
1156112916145250304
1154301987527131136
1152095310618877952
1148483831294414848
1146441007602364421
1146302977113645057
1146261064796868608
1145920443083182080
1143011241411010560
1142002691498844160
1139114888494604288
1139022276362481664
1138668972298006530
1138315667554295809
1138085533253378048
1138026138544984064
1137152402203656192
1136972863800520704
1136592990477148160
1136452287818129413
1135802840520151040
1135769984741699584
1135683334581788673
1135572107511787520
1134995665652768773
1134619485590106112
1133605376694181888
1132883798947799040
1132237817780682758
1132152538768334854
1131740130895572992
1131016856309981186
1131002739192766464
1130785531103567874
1130080669558878213
1130050922199912449
1129985156016558083
1128976222120136704
1128951853570330624
1128916673363210240
1128235568079314944
1126974432725979137
1125720224098070529
1125622905834917890
1124248121372897285
1123439728743866371
1122892044114903040
1122733558966050818
1121653619772674049
1121585958468456448
1118490267407962117
1117977549106114561
1116597901080182784
1116213639562833920
1116119890757185536
1115415523544588290
1114415570575921153
1114121944289480704
1112587069153394688
1112561622562660352
1109298368046456833
1108992927030628352
1108873616668704769
1108673644497117184
1108209783998300162
1108192438563168256
1107623433461002240
1106851261112938496
1106464903039275008
1106417095447924736
1105749304138829824
1105676458461007872
1103138219061731328
1100959813096288256
1100912933733728256
1100281466905231360
1098456367331852288
1098100533347246080
1097336584041623552
1095965785418330112
1095965279597715458
1095867461893681152
1095123983576358912
1093756283306426368
1093755662931156992
1093754480292552704
1093753187109023745
1093751960254042113
1093338134996287488
1091674096562331649
1090090115693715456
1088688661577658368
1087498234564534272
1086839013254680576
1085480666265833472
1084986714400018432
1084666743413456896
1084380388775088128
1083930496873029632
1083915041152401409
1082238548902703104
1082145537556656128
1081377893974982656
1081128324406042624
1081070718601887744
1542392023868936192
1540150521960763392
1536512682991718403
1529288863080148993
1526038820684460032
1504663466745167874
1502083607204364290
1491255015964819457
1485457040365727745
1481822506000744451
1480391388608884736
1477534911179354112
1463346505582972933
1460212169451048962
1459340898987167750
1451139587607203845
1450054939409981441
1408188886400991235
1407534143676637189
1401765947715637249
1374489562257313793
1254305421818359809
1239085851180744705
1235467107158065153
1233541911648051200
1219478946082889731
1218329754656542721
1214059712204771328
1204532347422593029
1199207216563122176
1196536301912305666
1193426931817033729
1190894777367183360
1190823081037705216
1190788428691959808
1189691263727144965
1185421665452187648
1184694419888295936
1184686858397245442
1182248195465842689
1179997588373655552
1177784367902547968
1177762843392925696
1164756655118012416
1161460931215405056
1154591805490335746
1146224001154453504
1140457273761902592
1123554201244655619
1123398219994517504
1115781926722338817
1107941479266349057
1102444901088714752
1090128325270355968